serial_timesteps,policy_loss,policy_entropy,approxkl,ep_reward_mean,clipfrac,n_updates,value_loss,explained_variance,time_elapsed,total_timesteps,true_reward,ep_len_mean,fps
250,-0.0024877365,5.6789455,0.0044975216,0.9008612906866756,0.048683997,1,2.4420702,-4.198553085327148,0.0016520023345947266,25000,0.002095144,30.38,73357
500,-0.0015069473,5.68773,0.0023330136,0.6856775892824953,0.020132001,2,2.4300504,-3.8552966117858887,2.0989160537719727,50000,-0.0027578042,27.16,104745
750,-0.0010808583,5.69673,0.003713979,0.7462424559104693,0.038007997,3,1.9156145,-2.415877342224121,2.8605966567993164,75000,-0.0009802666,27.76,105713
1000,-0.00074093684,5.7048235,0.0032031,0.842006879480773,0.034215998,4,1.4732424,-1.4803197383880615,3.497175931930542,100000,-0.002599938,28.72,111479
1250,0.001288916,5.7139244,0.0060002664,0.7270368957983919,0.073188,5,0.9229873,-0.31036853790283203,4.077489852905273,125000,-0.00070386246,27.95,106424
1500,-0.00097443647,5.720899,0.0063273655,1.083736675988912,0.079692,6,0.38030323,0.4787415862083435,4.687842607498169,150000,0.010995545,29.36,100702
1750,-0.0039662113,5.7247877,0.006111769,1.2591968038101187,0.080844,7,0.18396151,0.6959677636623383,5.406589984893799,175000,0.022332497,26.34,97042
2000,-0.0070957066,5.7254887,0.006815695,1.2717338742260471,0.095199995,8,0.10693079,0.7492023408412933,6.0596923828125,200000,0.03143491,25.62,95474
2250,-0.007317518,5.725258,0.006941212,1.6516385363973678,0.092248,9,0.06783897,0.7969387769699097,6.805282115936279,225000,0.038563978,28.41,111936
2500,-0.006193879,5.7249465,0.0062138434,1.6249856792247739,0.080212,10,0.051630117,0.8300876468420029,7.404299020767212,250000,0.0417071,26.08,112423
2750,-0.005237936,5.722602,0.0068458393,1.7630742813584948,0.09023599,11,0.039330535,0.8675737529993057,8.013149976730347,275000,0.045517266,28.88,104228
3000,-0.005171017,5.719107,0.0057067494,1.8272852157617308,0.07158001,12,0.031342383,0.8989985287189484,8.726677417755127,300000,0.047719106,27.95,105235
3250,-0.0044590784,5.7157207,0.0042607607,1.7395379910670454,0.052396,13,0.028889868,0.9109524562954903,9.378920555114746,325000,0.049664818,26.57,99625
3500,-0.0042509935,5.7106347,0.0042650057,1.812362714924384,0.047744,14,0.026234802,0.9191237986087799,10.011061906814575,350000,0.050989684,26.54,105442
3750,-0.003909256,5.707848,0.0038575884,1.952082641213783,0.043972,15,0.022000821,0.9342128410935402,10.632045269012451,375000,0.051860355,28.71,98672
4000,-0.0035476913,5.7035494,0.0031489036,1.9111185727384872,0.032384,16,0.022284264,0.9360247328877449,11.271238327026367,400000,0.053771786,28.23,106079
4250,-0.0034064737,5.698427,0.0042814603,1.7462812944169854,0.048768003,17,0.019106477,0.9465428404510021,11.877643823623657,425000,0.053899374,25.31,100632
4500,-0.002944195,5.6904297,0.0029242274,2.1620937039054113,0.028432,18,0.022776207,0.9399202279746532,12.505596399307251,450000,0.054980297,31.58,107511
4750,-0.003017098,5.684085,0.003860042,2.0039543933805546,0.039156,19,0.021523196,0.9450765363872051,13.107592582702637,475000,0.05567096,29.03,107731
5000,-0.0033165861,5.678785,0.0032010586,2.1557010108145187,0.029712,20,0.021397082,0.9487462788820267,13.71878719329834,500000,0.056234386,31.75,98750
5250,-0.003107094,5.6746316,0.003771837,2.0138880563742716,0.040032,21,0.021421898,0.947814516723156,14.358289241790771,525000,0.056288578,28.94,102431
5500,-0.002873292,5.6703615,0.0028872737,2.0330920182706906,0.02836,22,0.017291348,0.9560646340250969,14.990270137786865,550000,0.057347618,29.0,106319
5750,-0.0021741765,5.6615396,0.0024362884,1.9585969786567148,0.018428,23,0.019439103,0.953263197094202,15.610645771026611,575000,0.058299668,27.42,117503
6000,-0.002636354,5.655275,0.002640488,2.107347619222419,0.02058,24,0.019070055,0.9580125473439693,16.199443578720093,600000,0.0588334,29.12,99127
6250,-0.0025434985,5.6498384,0.002893308,1.94915075824596,0.02338,25,0.016486255,0.9611081443727016,16.819884061813354,625000,0.058510553,28.42,100193
6500,-0.002977055,5.6457343,0.0035329561,2.1106926263310015,0.03462,26,0.018724883,0.9572732448577881,17.447558879852295,650000,0.058544196,29.05,104497
6750,-0.0025035373,5.638928,0.0026520598,2.140854154486733,0.025292,27,0.02021607,0.9542238935828209,18.074172496795654,675000,0.060582306,30.52,105629
7000,-0.0025150413,5.635597,0.0033181875,2.292532192361541,0.02982,28,0.021968763,0.955729141831398,18.689257621765137,700000,0.06068284,32.09,103224
7250,-0.0024957028,5.6333246,0.0025154431,2.8300985252938697,0.022872,29,0.024408184,0.955022431910038,19.377055883407593,725000,0.061364442,37.92,101399
7500,-0.002594438,5.631858,0.0032847822,2.3025130498036743,0.034836,30,0.025433594,0.9545746929943562,20.002469778060913,750000,0.06168464,30.98,101434
7750,-0.0029243522,5.632185,0.0034981184,2.2124057912779973,0.03472,31,0.02778778,0.9534371607005596,20.621283769607544,775000,0.061465833,31.25,103251
8000,-0.0030388911,5.627825,0.0033322093,2.087417449263157,0.031448,32,0.027304765,0.9513918347656727,21.338815212249756,800000,0.06056869,29.26,97789
8250,-0.0030568198,5.6212335,0.004095262,2.495953456274001,0.04474,33,0.032652866,0.9518157094717026,21.98348593711853,825000,0.06257888,33.17,105597
8500,-0.003869769,5.6159296,0.003569556,2.6273824522845097,0.035252,34,0.051202487,0.9370409920811653,22.598201990127563,850000,0.062327255,35.39,99228
8750,-0.003444237,5.6110663,0.004053536,2.591825509179907,0.044207998,35,0.049715955,0.9380368702113628,23.24906611442566,875000,0.062420897,35.67,103916
9000,-0.0028155607,5.6069083,0.0029893217,3.0139668362058,0.029943999,36,0.15017638,0.8517911583185196,23.879465579986572,900000,0.061630264,40.78,103334
9250,-0.0041762567,5.605906,0.0050443364,3.345277156258744,0.061447997,37,0.059075695,0.9347774982452393,24.5142560005188,925000,0.062085148,45.72,99522
9500,-0.0034048303,5.606417,0.003966264,3.066815086889983,0.044932,38,0.055683337,0.9481394030153751,25.143979787826538,950000,0.0626158,43.32,103729
9750,-0.0037271262,5.6083846,0.004615429,3.7441437442730967,0.052616,39,0.06785889,0.9413549192249775,25.768547296524048,975000,0.0633048,50.0,102274
10000,-0.0028441,5.6083817,0.0031736891,2.9990668841488697,0.032812,40,0.117576525,0.9069392159581184,26.378979682922363,1000000,0.0617136,44.27,106805
10250,-0.0037344273,5.6090593,0.0043966495,3.1064692501781246,0.051256,41,0.14164287,0.8735691010951996,26.985553741455078,1025000,0.06077401,50.86,102572
10500,-0.0042026243,5.6089706,0.0051273974,3.281180591319221,0.061384,42,0.07087827,0.934856191277504,27.60683798789978,1050000,0.062403306,46.19,107188
10750,-0.0043861656,5.6115193,0.0037565865,3.427916906758037,0.035772,43,0.1799263,0.8898427039384842,28.20763659477234,1075000,0.05922923,49.33,106714
11000,-0.0023394069,5.6150236,0.0026432264,3.311730412095876,0.025151998,44,0.30664188,0.7691690325737,28.827373027801514,1100000,0.059098296,49.3,104481
11250,-0.0024283137,5.6146955,0.002599524,3.1441480026899806,0.025508001,45,0.3253939,0.8090840429067612,29.43920874595642,1125000,0.05761631,62.8,108000
11500,-0.0035866145,5.617452,0.0038170926,3.3589166592439867,0.04264,46,0.28890732,0.8043935149908066,30.074769258499146,1150000,0.059717987,52.28,101555
11750,-0.0016666536,5.620778,0.0020646998,4.295632802041528,0.016872,47,0.3292243,0.7965252250432968,30.816599369049072,1175000,0.057413172,69.63,106034
12000,-0.0029019236,5.622667,0.0031863633,4.018155941719742,0.030528003,48,0.20724306,0.8536112308502197,31.422694444656372,1200000,0.058940522,63.62,107974
12250,-0.003980325,5.620455,0.0038381077,3.985956012829556,0.037532,49,0.2565893,0.8390729576349258,32.02270698547363,1225000,0.059653204,66.68,105513
12500,-0.0028104377,5.6224694,0.002780735,5.012052937965433,0.02814,50,0.27923447,0.8349546641111374,32.63307976722717,1250000,0.057370882,86.34,105810
12750,-0.0028637093,5.6241064,0.002908993,4.258037755833989,0.026892,51,0.47886926,0.7368668019771576,33.24972748756409,1275000,0.054418,86.91,107985
13000,-0.0029988422,5.623613,0.0036007795,6.671948625965979,0.035032,52,0.3244706,0.8254712224006653,33.838966846466064,1300000,0.059114374,105.68,110522
13250,-0.0023844708,5.623052,0.0022876835,5.539714939362544,0.018176,53,0.5751249,0.7026561498641968,34.436546325683594,1325000,0.0562648,77.3,100683
13500,-0.0019186788,5.62218,0.0028650116,5.438582865029348,0.026327997,54,0.4282445,0.8028031885623932,35.057663917541504,1350000,0.05275172,104.08,102024
13750,-0.0018936828,5.62083,0.0019686047,6.72805218520145,0.014567999,55,0.59784585,0.6898149847984314,35.671040534973145,1375000,0.050448857,135.07,98486
14000,-0.0023551236,5.620807,0.002811313,7.229674450197849,0.025791999,56,0.4667353,0.8127925395965576,36.29331660270691,1400000,0.052324165,129.71,103908
14250,-0.0023781923,5.6206036,0.0023087086,7.058081499111808,0.020112,57,0.57685435,0.756757065653801,36.89172339439392,1425000,0.050090782,139.35,100963
14500,-0.0020872985,5.6206613,0.0023311838,7.629444298964736,0.01976,58,0.6624929,0.7705620378255844,37.62651705741882,1450000,0.051177714,139.76,51346
14750,-0.0017464447,5.6209483,0.0030173587,7.0104187300841065,0.03062,59,0.6984258,0.7243907749652863,38.831438064575195,1475000,0.045090843,155.88,92974
15000,-0.000979835,5.6219506,0.0020296418,6.361593640931715,0.017156001,60,0.9415191,0.6465921700000763,39.465883016586304,1500000,0.043507155,152.04,105557
15250,-0.002594556,5.6235514,0.0025981728,7.690437828107424,0.02434,61,0.7380008,0.708364337682724,40.30618119239807,1525000,0.048546273,142.02,100301
15500,-0.0018954787,5.6268983,0.0020600348,7.361001774485594,0.015383999,62,0.97226584,0.6775116324424744,41.00118446350098,1550000,0.042568155,156.01,104318
15750,-0.0023451142,5.628759,0.002389412,9.152095158624014,0.020580001,63,0.7233364,0.7392699718475342,41.684468030929565,1575000,0.051794928,166.18,100900
16000,-0.0020508084,5.629916,0.0022656426,5.8769961996436315,0.017819999,64,1.4433773,0.6413117349147797,42.3066303730011,1600000,0.03731065,156.42,100912
16250,-0.0011843767,5.630412,0.0011805956,8.635297733280563,0.006752,65,0.7549449,0.7433174848556519,42.905418157577515,1625000,0.04765147,163.43,108153
16500,-0.0012051375,5.629166,0.0014532582,8.47605717392345,0.00952,66,1.0996114,0.645346611738205,43.522215366363525,1650000,0.04343819,162.36,104615
16750,-0.0015720843,5.628457,0.0019413425,7.884639758294179,0.016008,67,0.9601609,0.7198784053325653,44.116886615753174,1675000,0.043586124,165.01,103624
17000,-0.0020694253,5.6294146,0.0024171586,7.873944161648556,0.019412,68,1.0333141,0.7286954522132874,44.77699637413025,1700000,0.04238717,164.7,105301
17250,-0.002189389,5.631895,0.0020415029,6.500212797752443,0.014751998,69,1.5600712,0.7008576691150665,45.46480417251587,1725000,0.034427736,176.61,108133
17500,-0.0017905477,5.632871,0.0019130465,9.535914999915185,0.016812,70,0.75922126,0.7634056359529495,46.36773753166199,1750000,0.04918755,181.45,110163
17750,-0.0017477205,5.634252,0.0021123395,8.472220806701225,0.02008,71,0.8441911,0.7502311915159225,46.944398164749146,1775000,0.04476847,183.88,107032
18000,-0.0019744763,5.635864,0.002132584,9.942550461619412,0.017104,72,0.75911933,0.7344263792037964,47.52183651924133,1800000,0.04885761,188.61,102228
18250,-0.0016187287,5.636785,0.0021402491,8.919356812109479,0.016384,73,0.9401291,0.731044203042984,48.12292504310608,1825000,0.040722657,204.46,109675
18500,-0.00087400305,5.637375,0.0016184006,9.123635601907836,0.01216,74,1.1027776,0.657062828540802,48.67910432815552,1850000,0.0403306,199.1,109669
18750,-0.0032385762,5.6376443,0.0015675453,10.568272989529993,0.010188,75,1.003111,0.7080472409725189,49.240002393722534,1875000,0.045157935,209.37,116846
19000,-0.002016409,5.637494,0.0022135712,10.347975365584276,0.017835999,76,0.62666595,0.7923461347818375,49.795891523361206,1900000,0.049045343,209.77,110390
19250,-0.0020689555,5.6366434,0.0018259536,10.927742667318308,0.012204001,77,0.7489313,0.7516124397516251,50.365756034851074,1925000,0.049525,208.4,116205
19500,-0.0020814054,5.635826,0.0020499076,9.531752622292563,0.015920002,78,0.7529487,0.7913240194320679,50.915809631347656,1950000,0.043705057,201.18,110582
19750,-0.0013567741,5.6342716,0.0018266592,9.528154452379113,0.011896001,79,0.7738443,0.7004683017730713,51.817129611968994,1975000,0.04214759,224.49,105628
20000,-0.0011114825,5.6326714,0.0014806503,7.836389483052439,0.008352,80,0.9900711,0.5810175538063049,52.386340379714966,2000000,0.037720334,211.96,107861
20250,-0.0009921183,5.63147,0.0016209871,9.00114604181299,0.010012,81,0.840497,0.6054052114486694,52.966235876083374,2025000,0.040437873,225.74,102463
20500,-0.0012724994,5.6303988,0.0013293776,8.017818105881663,0.0070920005,82,1.0717087,0.643166571855545,53.56963539123535,2050000,0.03525506,212.94,108028
20750,-0.001500167,5.628901,0.0019052416,9.079212254118538,0.013912,83,0.94349635,0.4346812963485718,54.14203119277954,2075000,0.038273595,225.17,107361
21000,-0.0016887268,5.6278086,0.0021444892,8.691159447025365,0.018556,84,0.8553432,0.5534647405147552,54.73424029350281,2100000,0.03760398,232.48,115806
21250,-0.0011087328,5.6263824,0.0015022261,6.975778374820271,0.010075999,85,1.1422285,0.5172762870788574,55.30285382270813,2125000,0.03141088,217.24,108576
21500,-0.0015447214,5.6255293,0.002472716,4.268824137382371,0.020832,86,1.7808304,0.6598393023014069,55.89194631576538,2150000,0.015492053,214.01,102211
21750,-0.0013936961,5.6254935,0.0019775392,3.5555119576227843,0.015832001,87,1.7227564,0.4971925616264343,56.46788954734802,2175000,0.0137427775,228.17,106915
22000,-0.0010069361,5.6257324,0.002270611,4.1749765230578815,0.020428,88,1.4062992,0.3984127640724182,57.031928062438965,2200000,0.020871384,217.25,100664
22250,-0.0015047572,5.6274495,0.0022862584,6.179928198304183,0.017968,89,1.190268,0.4821370244026184,57.62355709075928,2225000,0.026643801,225.75,104566
22500,-0.002312282,5.6294527,0.002499951,3.7059499307709043,0.023124,90,1.5877002,0.7062936723232269,58.196133613586426,2250000,0.016876893,229.95,104904
22750,-0.001644722,5.6313376,0.0018525183,5.151014024207993,0.015075999,91,1.2675613,0.5913927853107452,58.77274560928345,2275000,0.022426093,235.9,104522
23000,-0.0011453772,5.6335382,0.0018040363,4.973190878271104,0.012756,92,1.2650198,0.47727859020233154,59.35883069038391,2300000,0.021258125,231.77,105531
23250,-0.0014746158,5.6355505,0.002239386,3.3830069686223396,0.020028,93,1.3945254,0.4426291584968567,59.93574523925781,2325000,0.015309817,230.11,104503
23500,-0.0013412379,5.637085,0.0016779065,5.795140997981922,0.010876001,94,1.1168721,0.4434295892715454,60.51117205619812,2350000,0.024893198,229.44,106365
23750,-0.0010853882,5.638278,0.002536221,4.745075224781385,0.024164,95,1.0835917,0.3768737316131592,61.088895082473755,2375000,0.021132879,237.95,103494
24000,-0.0004523467,5.6395035,0.0028850555,5.721128608809863,0.026187997,96,1.0736527,0.5582922101020813,61.670676946640015,2400000,0.024226354,235.78,105422
24250,-0.0010734729,5.6411004,0.0014214134,6.148345543275368,0.007772,97,0.9197531,0.5182549953460693,62.252310276031494,2425000,0.028321736,225.09,103018
24500,-0.0015689579,5.641116,0.0023031973,5.161850389242918,0.019472003,98,1.0266633,0.6120108067989349,62.84158182144165,2450000,0.023111477,235.08,99340
24750,-0.0007016951,5.641121,0.0017580852,6.732462731316705,0.011511999,99,0.81097746,0.4901553988456726,63.43038821220398,2475000,0.030372754,230.31,102938
25000,-0.0014328939,5.640616,0.0022396478,6.584212617543918,0.017744001,100,0.9086789,0.4539978504180908,64.00769662857056,2500000,0.028623838,235.92,104503
25250,-0.001009625,5.640142,0.002855176,5.888642288895771,0.026528,101,1.0630082,0.550771027803421,64.58862161636353,2525000,0.026551943,227.85,103309
25500,-0.001104788,5.640564,0.0019989465,6.010419037054099,0.0144919995,102,0.9258283,0.5219901502132416,65.1641309261322,2550000,0.02698836,229.46,107806
25750,-0.0013105978,5.6430526,0.0024556718,6.079525095119952,0.021384,103,1.0604571,0.47536879777908325,65.73847818374634,2575000,0.026477464,225.8,112408
26000,-0.0014977676,5.64676,0.002493001,5.0379026232606,0.021856,104,1.2316724,0.48560529947280884,66.30133938789368,2600000,0.019905478,232.4,111417
26250,-0.0013698818,5.6502333,0.0023294473,3.9672387476941684,0.019824002,105,1.2155622,0.44943898916244507,66.86697030067444,2625000,0.01746892,233.33,107939
26500,-0.0013405012,5.652348,0.0025498865,4.209103117543814,0.022788,106,1.2707901,0.5520686209201813,67.44130206108093,2650000,0.017848589,219.49,99633
26750,0.00029745087,5.653754,0.0029116904,4.821346468178254,0.027307998,107,1.1816084,0.5260752737522125,68.02317380905151,2675000,0.019749295,227.66,102096
27000,-0.0018585508,5.6547575,0.0022052336,4.099188983766389,0.02008,108,1.1807913,0.5423876345157623,68.60302591323853,2700000,0.017835673,227.32,111050
27250,-0.0006771799,5.6544657,0.0022063504,4.777715625175166,0.019632,109,1.0899115,0.5759385526180267,69.16862964630127,2725000,0.020062681,227.64,106148
27500,-0.0013635178,5.6538363,0.0016189149,5.286046353923084,0.011887999,110,0.98233116,0.6128188371658325,69.75472044944763,2750000,0.023942646,220.96,104658
27750,-0.0009623165,5.6539106,0.00249553,5.5354198208877055,0.023096,111,0.92663383,0.6110590100288391,70.33723998069763,2775000,0.023684187,228.9,104398
28000,-0.0013072165,5.6547976,0.0025029858,5.958158765729913,0.023036,112,0.75263375,0.629186600446701,70.9174280166626,2800000,0.02482507,239.21,101115
28250,-0.0013368912,5.655694,0.0017891265,8.34694448455544,0.014028001,113,0.55093205,0.6631265580654144,71.50270366668701,2825000,0.034756146,241.6,105837
28500,-0.0017406127,5.655621,0.0020336485,7.4706386638414335,0.016684,114,0.6252409,0.7196131944656372,72.0863242149353,2850000,0.032517865,228.23,109338
28750,-0.0018311779,5.655865,0.0025340184,7.246138029685749,0.021451999,115,0.6853207,0.7758415043354034,72.65579652786255,2875000,0.030632215,222.04,106101
29000,-0.0016624002,5.656703,0.0031007319,9.788365710357448,0.030360002,116,0.42868772,0.7375122904777527,73.23222327232361,2900000,0.041652814,234.05,108202
29250,-0.0010725912,5.6574817,0.0019030876,9.568440311505292,0.01212,117,0.3867636,0.7560120522975922,73.81050872802734,2925000,0.042409897,227.73,107753
29500,-0.0018957438,5.6578164,0.0024589966,10.051678466501016,0.021112,118,0.3442662,0.7534644305706024,74.37139534950256,2950000,0.043890685,228.88,111466
29750,-0.0013894084,5.6574297,0.0022102548,12.045135920269296,0.016776,119,0.27593395,0.7787641733884811,74.92832207679749,2975000,0.052419208,226.57,112225
30000,-0.0023000957,5.657519,0.0026507888,13.23099869097659,0.024652,120,0.22479801,0.786593109369278,75.4844810962677,3000000,0.05594034,232.95,109273
30250,-0.0013214721,5.6564775,0.0060215415,13.769908335967003,0.075256,121,0.21369359,0.7913798391819,76.05330204963684,3025000,0.058036022,230.5,107798
30500,-0.0024415448,5.65533,0.0026423729,13.081372682906617,0.025224,122,0.18888342,0.7842795699834824,76.60968375205994,3050000,0.05416909,239.97,111366
30750,-0.0035803406,5.6551847,0.004124891,14.49846929533927,0.046112,123,0.15578154,0.7936859577894211,77.16318655014038,3075000,0.05931504,239.2,112450
31000,-0.00268826,5.6544843,0.007571035,15.16388051830174,0.096219994,124,0.13118011,0.8094460517168045,77.71365761756897,3100000,0.06245976,238.78,109581
31250,-0.0031035647,5.6503763,0.00863445,15.488913563824767,0.1082,125,0.13824074,0.7915066778659821,78.27617573738098,3125000,0.063806064,238.16,112602
31500,-0.0018954643,5.645291,0.0054305447,16.22398382934489,0.06628,126,0.11398548,0.8034235537052155,78.82923698425293,3150000,0.06660882,237.91,111616
31750,-0.0030020128,5.6394644,0.0053626737,16.83808315911272,0.06432,127,0.107857905,0.8311393111944199,79.38894557952881,3175000,0.06824152,241.1,109508
32000,-0.0026821406,5.632458,0.0046972604,17.029217844195955,0.053080004,128,0.09206446,0.8019553869962692,79.94883751869202,3200000,0.07005457,239.09,107197
32250,-0.0031471096,5.625085,0.0061839437,17.421378746887495,0.076056,129,0.08048682,0.8032836616039276,80.51374697685242,3225000,0.07067025,243.48,118331
32500,-0.0030960843,5.6126184,0.0060531823,17.163062861794607,0.074728005,130,0.0989631,0.8541964590549469,81.06063485145569,3250000,0.070997514,235.38,116622
32750,-0.0036402815,5.5970926,0.005242455,17.638952217866258,0.060984004,131,0.072951555,0.8555113524198532,81.61223793029785,3275000,0.0726281,238.46,112273
33000,-0.0048155086,5.5838027,0.004812711,17.63064540904219,0.049844004,132,0.13178842,0.8595069348812103,82.17905902862549,3300000,0.07164723,241.03,104821
33250,-0.0037296463,5.575534,0.0044430834,18.68513323632331,0.047548003,133,0.08432691,0.8971735313534737,82.78281331062317,3325000,0.07485266,242.3,97157
33500,-0.0043247817,5.5697813,0.0045786095,18.19511302187009,0.052288003,134,0.07656253,0.8910626843571663,83.40703845024109,3350000,0.07457021,238.92,102822
33750,-0.003430081,5.566311,0.004242083,18.923873173947506,0.044048,135,0.080852374,0.89991694688797,83.99170160293579,3375000,0.07645955,241.69,104385
34000,-0.004456734,5.5635185,0.004507606,19.59819609907361,0.049300004,136,0.057685703,0.8688299208879471,84.57993340492249,3400000,0.078930415,245.59,108923
34250,-0.002833138,5.5606956,0.006314099,19.65062213854515,0.079384,137,0.06212025,0.898854099214077,85.14763379096985,3425000,0.08040428,239.79,104775
34500,-0.0030673104,5.5537233,0.0057362528,19.716845164213154,0.07084001,138,0.059693426,0.9139528423547745,85.72421669960022,3450000,0.07978126,242.42,123624
34750,-0.0027630324,5.5440087,0.007450731,20.601662992888834,0.09928001,139,0.038769566,0.8353468626737595,86.27768230438232,3475000,0.08264562,248.82,106429
35000,-0.0030318599,5.5324564,0.005878262,20.700549250248876,0.076912,140,0.039576516,0.8811719641089439,86.85508298873901,3500000,0.08314982,247.95,104205
35250,-0.0041722604,5.5204253,0.006737651,20.18861563079343,0.084516004,141,0.058982056,0.9047025665640831,87.43531799316406,3525000,0.0812363,246.54,106354
35500,-0.003569734,5.5102625,0.0054115015,21.00881948303082,0.06365599,142,0.035231292,0.860325038433075,88.01197743415833,3550000,0.08423822,248.36,107643
35750,-0.0028665457,5.5003476,0.006328942,20.982107641725452,0.079504,143,0.049014922,0.8833066895604134,88.58586525917053,3575000,0.08425227,247.6,109582
36000,-0.0042501464,5.4911165,0.0043792063,20.528039494215626,0.040116005,144,0.11051917,0.9131913781166077,89.15761375427246,3600000,0.08231832,248.1,103736
36250,-0.0049515488,5.478184,0.0038441974,20.822740906808903,0.038052,145,0.049162865,0.9188555926084518,89.73826456069946,3625000,0.08357922,247.55,102549
36500,-0.0040644286,5.4646826,0.003922506,21.325115415334004,0.042248,146,0.035933997,0.8917497545480728,90.33129358291626,3650000,0.085512206,247.47,106417
36750,-0.0043460913,5.451038,0.003642603,21.424959935392835,0.03502,147,0.035898153,0.8989756032824516,90.88732743263245,3675000,0.085889444,248.81,105348
37000,-0.003911187,5.4363027,0.002610339,21.66172689585801,0.020856,148,0.02780741,0.8753637447953224,91.45620965957642,3700000,0.086716115,249.45,121179
37250,-0.004002307,5.4173098,0.0030577877,21.69163583836751,0.022855999,149,0.038267918,0.8926344364881516,92.00039887428284,3725000,0.086950295,247.81,109829
37500,-0.0030768688,5.3956046,0.0031059168,21.80112383004598,0.025056,150,0.030720577,0.8442316949367523,92.55949115753174,3750000,0.08730901,249.34,107436
37750,-0.004654201,5.379741,0.0035571672,21.836738003391293,0.029916,151,0.034234263,0.9048874005675316,93.12637233734131,3775000,0.08772381,247.09,113083
38000,-0.0040348046,5.3686185,0.0028745183,21.826702139381087,0.025868002,152,0.0235197,0.9199112579226494,93.66538572311401,3800000,0.08730682,250.0,114123
38250,-0.0034220242,5.360923,0.00278352,22.256550241766963,0.022168,153,0.014962362,0.8200196921825409,94.21790885925293,3825000,0.0890262,250.0,107188
38500,-0.0044421344,5.346752,0.0034305654,21.855569509023624,0.028676,154,0.022636078,0.8660626411437988,94.77155637741089,3850000,0.08747726,249.48,108292
38750,-0.0038632366,5.33099,0.003485453,22.11477527242736,0.032339998,155,0.024703436,0.8757850080728531,95.34208154678345,3875000,0.08868983,248.12,107964
39000,-0.0038651184,5.3166437,0.0032539337,22.132749419101746,0.027284,156,0.01338343,0.8288706541061401,95.89648747444153,3900000,0.088530995,250.0,109592
39250,-0.0029320428,5.2988443,0.0023941868,22.446563665984723,0.016828,157,0.009345049,0.6666162312030792,96.46889042854309,3925000,0.08978625,250.0,107826
39500,-0.003306749,5.2781897,0.0031536415,22.186833812973056,0.023464,158,0.015601182,0.8702702820301056,97.02575612068176,3950000,0.088838436,249.44,109003
39750,-0.0042195027,5.262392,0.0035558809,22.060831502994116,0.030484,159,0.02294984,0.8510087579488754,97.5896954536438,3975000,0.08830625,249.42,100572
40000,-0.004170417,5.250652,0.0032637506,22.140083594969475,0.03004,160,0.019312661,0.8665818274021149,98.18613481521606,4000000,0.08863858,249.33,102979
40250,-0.0042564124,5.2439604,0.0031089429,22.23533083170938,0.026644,161,0.012236257,0.843730702996254,98.76818537712097,4025000,0.08894132,250.0,102639
40500,-0.004214245,5.235075,0.0035770833,22.442070144937023,0.032096002,162,0.016571652,0.8659368008375168,99.35336136817932,4050000,0.08981131,249.6,93955
40750,-0.0038076479,5.2242928,0.0033612363,22.07456193653481,0.032004,163,0.024596998,0.8962353318929672,100.01109385490417,4075000,0.08842505,249.33,66448
41000,-0.0036499952,5.2155166,0.0025237866,22.21148078490398,0.018652,164,0.020929253,0.8942636400461197,100.75808548927307,4100000,0.08898875,248.77,103782
41250,-0.005015595,5.2117143,0.0027965847,22.50579627395375,0.021744002,165,0.0243686,0.9113929867744446,101.33916568756104,4125000,0.09018862,247.21,98633
41500,-0.0044933567,5.2074356,0.0025070398,22.404299053208906,0.02228,166,0.020690989,0.9093891605734825,101.94483780860901,4150000,0.089767404,248.76,103744
41750,-0.0039913915,5.1987886,0.0028713387,22.54617608116765,0.023144001,167,0.016003972,0.8906426876783371,102.53312253952026,4175000,0.090351515,249.02,108497
42000,-0.0029081895,5.19102,0.002339481,22.60229428450577,0.016136,168,0.017468488,0.8771682530641556,103.09772992134094,4200000,0.09053698,249.11,109430
42250,-0.0032229845,5.1839795,0.0028824112,22.701188881110866,0.023055999,169,0.00795087,0.7793424427509308,103.67641854286194,4225000,0.09080476,250.0,103631
42500,-0.0056324345,5.1719184,0.003862952,22.393302584497942,0.034784,170,0.020909913,0.9126718863844872,104.30263590812683,4250000,0.08965446,248.67,93941
42750,-0.0045608254,5.163745,0.0028007748,22.527242478023982,0.021543998,171,0.018687906,0.8865194395184517,104.95322275161743,4275000,0.09010665,249.27,101237
43000,-0.00399482,5.1543365,0.0025703807,22.400025416860007,0.019388001,172,0.013346352,0.9159424602985382,105.55132484436035,4300000,0.08960011,250.0,103976
43250,-0.005350812,5.140344,0.0037226006,22.535829604310422,0.030615997,173,0.013234191,0.8926011472940445,106.1332380771637,4325000,0.09014332,250.0,103325
43500,-0.0043311445,5.124501,0.0039948216,22.422235202118173,0.037864,174,0.021759316,0.9001285582780838,106.77177095413208,4350000,0.089769885,249.21,104265
43750,-0.0048995656,5.113048,0.0046110526,22.329463926359896,0.046312,175,0.019965746,0.9044638201594353,107.34794521331787,4375000,0.089328505,249.36,103511
44000,-0.0040967492,5.1038384,0.0033634552,22.58602939884695,0.029500002,176,0.01076142,0.8830902725458145,107.92555713653564,4400000,0.09034413,250.0,99440
44250,-0.004031725,5.089288,0.0026829694,22.500340584104997,0.021464001,177,0.027119502,0.8826643377542496,108.51482272148132,4425000,0.090226136,248.2,108736
44500,-0.0041033328,5.080387,0.004739198,22.625323281284217,0.050192,178,0.018353518,0.8956892266869545,109.0832462310791,4450000,0.090677276,248.77,110103
44750,-0.004459544,5.0728974,0.0040827384,22.299981486126708,0.0391,179,0.024442565,0.9177301228046417,109.64726281166077,4475000,0.089327276,248.53,107635
45000,-0.0035738111,5.067086,0.003180974,22.886231195455185,0.024596,180,0.008409116,0.7865709662437439,110.20978784561157,4500000,0.09154492,250.0,112896
45250,-0.003361981,5.058075,0.002186316,22.79757449923687,0.015899999,181,0.008472514,0.8638267368078232,110.7629508972168,4525000,0.09119029,250.0,114986
45500,-0.0036130794,5.0485153,0.0033289318,22.762724063870266,0.02884,182,0.0074168793,0.8532780557870865,111.3215811252594,4550000,0.091050886,250.0,109855
45750,-0.0034547537,5.040158,0.0035115487,22.65914276888507,0.031636,183,0.011802448,0.8838069438934326,111.87922072410583,4575000,0.09072454,249.49,108762
46000,-0.0035551295,5.0307264,0.0028229645,22.792863652052183,0.021436002,184,0.0062897615,0.812507301568985,112.44855999946594,4600000,0.09117146,250.0,109028
46250,-0.0033750043,5.0185914,0.002867682,22.63442514914488,0.023575999,185,0.006969971,0.8652662336826324,113.02442836761475,4625000,0.090537705,250.0,109046
46500,-0.003594373,5.006526,0.0026064895,22.5880291234114,0.018072,186,0.014095208,0.8666927218437195,113.58998966217041,4650000,0.090432666,249.38,108856
46750,-0.0048429733,5.0007772,0.0039215023,22.5874134547211,0.036864,187,0.01416685,0.8995201736688614,114.1552209854126,4675000,0.09053548,248.8,108730
47000,-0.0038030252,4.9959397,0.0038805958,22.87386654145317,0.036216,188,0.0068230852,0.8435988426208496,114.72846364974976,4700000,0.09149547,250.0,103551
47250,-0.004636408,4.9902105,0.0032998465,22.717669953383737,0.026424,189,0.013320101,0.8784567341208458,115.31068682670593,4725000,0.0909154,249.41,107272
47500,-0.004542169,4.9817104,0.0035317955,22.554604629127425,0.029496003,190,0.009106898,0.9121280759572983,115.86832928657532,4750000,0.09021842,250.0,109607
47750,-0.0044097723,4.9724073,0.0038074744,22.778818323533343,0.032844,191,0.010325693,0.8750642091035843,116.43307542800903,4775000,0.09122238,249.27,105950
48000,-0.0034724982,4.9653764,0.0034969859,23.03070809946861,0.029052,192,0.0056338375,0.8156749159097672,117.00737023353577,4800000,0.09212283,250.0,107132
48250,-0.0031935344,4.958158,0.0035579677,22.94155136607471,0.028652001,193,0.0062156795,0.8979561552405357,117.59371519088745,4825000,0.0917662,250.0,122172
48500,-0.0037424664,4.950861,0.0032882155,22.867530755310145,0.027363997,194,0.0061226506,0.8754451423883438,118.12636828422546,4850000,0.09147013,250.0,114433
48750,-0.0042243106,4.940811,0.0032809805,22.82794419878308,0.029860001,195,0.0066629224,0.8533249348402023,118.67672109603882,4875000,0.09131177,250.0,110779
49000,-0.0037684205,4.928741,0.003681774,22.823303009742375,0.032808,196,0.0057133012,0.852240726351738,119.22783470153809,4900000,0.091293216,250.0,106003
49250,-0.0038703769,4.916106,0.0029804443,22.838667256774496,0.023516,197,0.008014459,0.8702992498874664,119.79429292678833,4925000,0.091354676,250.0,108617
49500,-0.0041033244,4.9056187,0.0040898584,22.893984911541285,0.038872,198,0.010313165,0.8509388118982315,120.36266541481018,4950000,0.09167531,249.44,104994
49750,-0.0034872643,4.897191,0.0031889218,22.959323053262196,0.025748,199,0.007850068,0.8910975232720375,120.93338108062744,4975000,0.09183729,250.0,108984
50000,-0.0051250486,4.890356,0.0036515177,22.601316361395238,0.031595998,200,0.026218314,0.8763916790485382,121.4985773563385,5000000,0.09054773,248.84,114682
50250,-0.004341253,4.886451,0.0030561755,22.968278441933506,0.024492,201,0.011158276,0.8601294308900833,122.04261541366577,5025000,0.09195478,249.37,111382
50500,-0.003050082,4.877373,0.0037102688,22.932019147732063,0.031824,202,0.00811756,0.8625878393650055,122.60798025131226,5050000,0.09172808,250.0,100334
50750,-0.0039747446,4.8658605,0.0030588433,22.98359931749512,0.023063999,203,0.006973061,0.84897081553936,123.18630623817444,5075000,0.0919344,250.0,110177
51000,-0.0050420268,4.8560166,0.004110771,22.922756641794184,0.041663997,204,0.017119199,0.8925549313426018,123.75954556465149,5100000,0.09178411,248.9,106295
51250,-0.00372515,4.844987,0.0031654655,22.882602486343238,0.023476,205,0.012619888,0.874553993344307,124.33150839805603,5125000,0.09158447,249.47,100316
51500,-0.0037857448,4.8338785,0.0026617283,23.099917416916288,0.021263998,206,0.0044075185,0.8605553656816483,124.90932893753052,5150000,0.09239967,250.0,111051
51750,-0.004084658,4.818725,0.003989953,22.919929012206484,0.041332,207,0.0056485785,0.8653330951929092,125.46050715446472,5175000,0.091679715,250.0,105538
52000,-0.003596327,4.804899,0.0028022372,22.803907759251306,0.020468,208,0.0078885555,0.8850080221891403,126.02655553817749,5200000,0.09121563,250.0,106689
52250,-0.0044568493,4.796067,0.0037394683,22.6638873668632,0.03172,209,0.0173551,0.8739949017763138,126.59396171569824,5225000,0.09086536,248.73,110003
52500,-0.003292753,4.791848,0.0035450938,22.981019279061,0.029536,210,0.009416937,0.8943492546677589,127.16981387138367,5250000,0.09200397,249.44,108088
52750,-0.003853667,4.791912,0.0040301704,23.053020029308392,0.039572,211,0.009839307,0.8781061246991158,127.76795482635498,5275000,0.09227416,249.55,98240
53000,-0.003783616,4.7902446,0.002975852,22.802270190598794,0.022828,212,0.013819858,0.872864305973053,128.5698435306549,5300000,0.09131409,249.31,84836
53250,-0.0033665001,4.7877812,0.003192673,23.005947875044367,0.025356,213,0.0060828403,0.8236600011587143,129.2606143951416,5325000,0.0920238,250.0,100956
53500,-0.0036954135,4.7809896,0.0033365786,23.06061105680681,0.027131999,214,0.0048804153,0.8089906573295593,129.8703224658966,5350000,0.09224244,250.0,108186
53750,-0.004604794,4.773004,0.003146598,22.704799941784877,0.026428003,215,0.021179419,0.886195458471775,130.4529938697815,5375000,0.09092961,248.94,107272
54000,-0.003604686,4.7676187,0.0036472385,23.05462424405763,0.029719999,216,0.0044771917,0.851007729768753,131.04598307609558,5400000,0.092218496,250.0,105740
54250,-0.003783241,4.756709,0.003415145,22.895367855330697,0.031524,217,0.007735257,0.8707162439823151,131.6396234035492,5425000,0.091581464,250.0,110618
54500,-0.0033477887,4.745993,0.002762997,22.948508850853543,0.018576,218,0.0040784036,0.8575759828090668,132.2176239490509,5450000,0.09179404,250.0,105638
54750,-0.0033099924,4.736718,0.002884,22.803616005216316,0.022264,219,0.004396489,0.8630439043045044,132.80423855781555,5475000,0.091214456,250.0,105223
55000,-0.003766127,4.7287316,0.0020579637,22.958344043423423,0.016752,220,0.004138806,0.889666736125946,133.38461065292358,5500000,0.091833375,250.0,104656
55250,-0.0036985471,4.720046,0.004093028,23.101085161059164,0.039944,221,0.0031771548,0.8421746790409088,133.96431303024292,5525000,0.09240434,250.0,105383
55500,-0.004020637,4.7132015,0.0035353615,22.934768324487667,0.030772,222,0.0048268004,0.8635756224393845,134.54061126708984,5550000,0.09173907,250.0,107858
55750,-0.0042202706,4.7073183,0.0026907716,22.5783629088318,0.018291999,223,0.020964567,0.8684526979923248,135.1139235496521,5575000,0.09031346,250.0,105603
56000,-0.003526514,4.705007,0.0029529552,22.94023134758725,0.022824,224,0.010256119,0.8759591951966286,135.68175864219666,5600000,0.09184415,249.5,108661
56250,-0.0033986843,4.7013345,0.0029470888,22.916722441241582,0.022503998,225,0.007980272,0.8819509670138359,136.25351214408875,5625000,0.09174964,249.5,106699
56500,-0.003948617,4.694267,0.0029804134,22.86171629874699,0.024952,226,0.0063299844,0.9114006385207176,136.831237077713,5650000,0.09144686,250.0,117353
56750,-0.0037915185,4.6882544,0.002827176,23.06425222333084,0.021723999,227,0.012973005,0.8811258152127266,137.38303065299988,5675000,0.09229434,249.47,106246
57000,-0.004115244,4.684629,0.003302648,22.97598161968723,0.025344003,228,0.0047425306,0.880510725080967,137.95501255989075,5700000,0.091903925,250.0,98421
57250,-0.004416785,4.680463,0.0038269237,23.11357817741693,0.033388,229,0.004356276,0.8709077686071396,138.54379725456238,5725000,0.092454314,250.0,95137
57500,-0.003277716,4.670883,0.0031539896,23.095135077550076,0.024099998,230,0.0048423605,0.9046602100133896,139.1492886543274,5750000,0.09238054,250.0,104432
57750,-0.0033902738,4.660682,0.003168735,23.033076827924816,0.025595998,231,0.011204894,0.8755662068724632,139.72068285942078,5775000,0.09223885,249.39,106611
58000,-0.0042228284,4.655637,0.0025282276,23.119243907411292,0.016748,232,0.009991977,0.8913597837090492,140.27389287948608,5800000,0.09257031,249.44,105290
58250,-0.004277209,4.6505127,0.0045195664,23.049014737639517,0.045304004,233,0.0060576256,0.8561040759086609,140.84307265281677,5825000,0.09219606,250.0,103823
58500,-0.0030367859,4.6409965,0.0028246301,23.1458257724531,0.02224,234,0.004438532,0.8861343190073967,141.41334629058838,5850000,0.0925833,250.0,103358
58750,-0.0048815697,4.630473,0.0050016646,22.7875172852401,0.053027995,235,0.020632247,0.8758067041635513,141.9846694469452,5875000,0.09126846,249.28,99109
59000,-0.0044061304,4.626126,0.0031884846,23.21117264975066,0.023308,236,0.008133199,0.8793867602944374,142.5776596069336,5900000,0.09284469,250.0,104092
59250,-0.0042166947,4.6204386,0.004277871,23.099890251748075,0.044324003,237,0.004392856,0.9015303030610085,143.15862822532654,5925000,0.09239957,250.0,106690
59500,-0.0032917522,4.611061,0.0032281973,23.212394635878955,0.028455999,238,0.0026354636,0.8389232456684113,143.72272872924805,5950000,0.09284958,250.0,106927
59750,-0.004375816,4.6012936,0.0032016716,22.931981892655166,0.024396,239,0.0062414696,0.9157519415020943,144.2921814918518,5975000,0.09172793,250.0,107896
60000,-0.0038888524,4.596008,0.005238208,21.7426978872966,0.041636,240,0.6026905,0.6886976063251495,144.84763383865356,6000000,0.0869708,250.0,104353
60250,-0.0030637193,4.594229,0.0030782646,23.122556702288566,0.021688,241,0.011550402,0.8649971783161163,145.41947174072266,6025000,0.09255208,249.55,111470
60500,-0.004642279,4.5922246,0.0030498514,23.028607451003044,0.022604,242,0.006173853,0.9024262800812721,145.98536610603333,6050000,0.09211443,250.0,109331
60750,-0.0047237463,4.585439,0.0041998033,22.81669426497465,0.039308004,243,0.013188109,0.9039921388030052,146.54646348953247,6075000,0.09134163,249.45,103122
61000,-0.0037369411,4.579762,0.0042706775,23.121054209038206,0.047684,244,0.0074652755,0.8999212384223938,147.12250685691833,6100000,0.092567556,249.52,105081
61250,-0.003824548,4.5750456,0.0034975042,22.966226409335214,0.035268,245,0.0057533854,0.9130365401506424,147.7134449481964,6125000,0.0918649,250.0,108972
61500,-0.0039850962,4.5683355,0.0037318734,23.20490371777676,0.033671997,246,0.0037741368,0.8559295982122421,148.28613328933716,6150000,0.09281961,250.0,102707
61750,-0.0038256398,4.560509,0.0026637414,23.206373850146775,0.01776,247,0.0032599606,0.8586318492889404,148.8808355331421,6175000,0.092825495,250.0,107732
62000,-0.004180599,4.5553718,0.0028939059,22.978497121959226,0.019979998,248,0.018201584,0.9110775738954544,149.44842314720154,6200000,0.09172415,248.97,102327
62250,-0.0038576447,4.5496182,0.0029457486,22.959380169821017,0.024984,249,0.014111491,0.8838636353611946,150.0488576889038,6225000,0.092062205,248.81,103704
62500,-0.0034364308,4.544008,0.0039955126,23.086102029050526,0.037376,250,0.0116424775,0.8781914561986923,150.63229417800903,6250000,0.09240335,249.58,105045
62750,-0.003713578,4.5379677,0.0036478632,23.25170609079825,0.034847997,251,0.004267967,0.8861038386821747,151.20719647407532,6275000,0.09300683,250.0,106114
63000,-0.0033242267,4.529996,0.003454278,23.23498366283544,0.026956001,252,0.0031298653,0.8704218864440918,151.78596305847168,6300000,0.09293993,250.0,105475
63250,-0.0038409564,4.5197,0.0020429124,23.16426919293357,0.01152,253,0.0054233437,0.8589061796665192,152.365008354187,6325000,0.09265707,250.0,105553
63500,-0.0043244073,4.5078745,0.0043101474,23.13275264371821,0.041812,254,0.008420964,0.8611107915639877,152.9344401359558,6350000,0.092531,250.0,103314
63750,-0.0032099993,4.50279,0.002965381,23.380291967709066,0.023824,255,0.002905733,0.8627298176288605,153.52421402931213,6375000,0.093521185,250.0,102862
64000,-0.003441165,4.496953,0.0029246858,23.272892568532843,0.023480002,256,0.003352839,0.8882318809628487,154.10711812973022,6400000,0.09309157,250.0,102153
64250,-0.003942758,4.49087,0.0026303162,23.331489622936353,0.01958,257,0.0033685926,0.885563537478447,154.70293021202087,6425000,0.09332596,250.0,103690
64500,-0.003881317,4.483183,0.002952278,23.127151462209003,0.021248,258,0.00579896,0.9075806066393852,155.29434823989868,6450000,0.09250861,250.0,109297
64750,-0.003736918,4.47824,0.0038405086,23.195460626337443,0.038352,259,0.004908113,0.8974897935986519,155.87867856025696,6475000,0.092781834,250.0,101614
65000,-0.0035818678,4.4724336,0.0038156155,23.32451081485866,0.0337,260,0.0036960598,0.8989786058664322,156.46569800376892,6500000,0.09329804,250.0,99312
65250,-0.003791111,4.4677067,0.0033125454,23.400026990012847,0.029659998,261,0.003792746,0.895915575325489,157.06177020072937,6525000,0.09360011,250.0,106536
65500,-0.004116157,4.4617143,0.0026618857,23.27504199515679,0.020812001,262,0.011806919,0.8571073263883591,157.65965056419373,6550000,0.0931533,249.49,100802
65750,-0.0030333393,4.4561453,0.0025585953,23.44555716725532,0.017515998,263,0.0029085726,0.8760418891906738,158.24582076072693,6575000,0.09378224,250.0,110492
66000,-0.004163081,4.4512234,0.0040755384,23.0654589082679,0.03576,264,0.0053973105,0.928398959338665,158.8053081035614,6600000,0.09226183,250.0,103475
66250,-0.0037911173,4.443682,0.003683477,23.29163247650984,0.033632003,265,0.0035659112,0.9098090827465057,159.3893473148346,6625000,0.09316652,250.0,102712
66500,-0.0035573766,4.433905,0.0044397637,23.288410802246073,0.044296,266,0.0032838467,0.8852961659431458,159.97152495384216,6650000,0.09315363,250.0,102028
66750,-0.00368593,4.426305,0.0025289578,23.260829030036984,0.019675998,267,0.0024846962,0.8742654025554657,160.57228064537048,6675000,0.09304331,250.0,113843
67000,-0.0036560935,4.416143,0.0027368548,23.258545119654737,0.020359999,268,0.0023069612,0.8889803066849709,161.12338995933533,6700000,0.09303418,250.0,111566
67250,-0.0034298827,4.406711,0.002885458,23.289339573167965,0.019919999,269,0.0024722007,0.8918965756893158,161.6875512599945,6725000,0.09315735,250.0,107132
67500,-0.003693664,4.399729,0.0043365047,23.44318049018737,0.046008,270,0.0016859293,0.8720459938049316,162.2432417869568,6750000,0.093772724,250.0,103733
67750,-0.0042240187,4.3938174,0.0037487238,23.351212457786314,0.033712,271,0.002056817,0.8766698762774467,162.82415103912354,6775000,0.093404844,250.0,111697
68000,-0.0033162672,4.387062,0.003233264,23.421132955771753,0.027164001,272,0.002707548,0.9097136855125427,163.40409469604492,6800000,0.09368453,250.0,120932
68250,-0.0037325572,4.376992,0.003694386,23.328009797742126,0.031724,273,0.0031424179,0.8805285170674324,163.94819569587708,6825000,0.09331204,250.0,100368
68500,-0.003813718,4.3643775,0.0028537621,23.38788064904882,0.01962,274,0.0030254275,0.9060785099864006,164.57344484329224,6850000,0.093551524,250.0,102361
68750,-0.0035169944,4.3550134,0.0033292987,23.37417724178551,0.026544,275,0.002255478,0.8915147855877876,165.16679883003235,6875000,0.09349671,250.0,101462
69000,-0.0038273712,4.3482404,0.0033648398,23.16987850043137,0.026644,276,0.004681523,0.8981873467564583,165.77944493293762,6900000,0.09267952,250.0,108285
69250,-0.0035272776,4.342572,0.0026438062,23.293225115977695,0.019832,277,0.008395793,0.8659909814596176,166.35481548309326,6925000,0.09328248,249.45,107945
69500,-0.0035695054,4.3392477,0.0034554682,23.369488632808206,0.029528001,278,0.002575139,0.8860472217202187,166.9277229309082,6950000,0.09347796,250.0,103587
69750,-0.0040919534,4.335866,0.0029635613,23.279850771265846,0.021975998,279,0.009195129,0.8905453160405159,167.50613236427307,6975000,0.09319625,249.48,106459
70000,-0.0034771967,4.3319244,0.004944229,23.24502207954647,0.054252,280,0.010790976,0.8705020546913147,168.08143424987793,7000000,0.09303259,249.5,104026
70250,-0.0032078389,4.3275204,0.0036239654,23.407912034458715,0.032252,281,0.0022872752,0.8680731356143951,168.66360449790955,7025000,0.09363165,250.0,108425
70500,-0.0036114105,4.3246946,0.0024438538,23.228919794215127,0.017608,282,0.0041517937,0.8910659626126289,169.23816585540771,7050000,0.092915684,250.0,104506
70750,-0.0041521313,4.3183265,0.003388914,23.387832813852,0.027468001,283,0.0076912427,0.8804384768009186,169.82051992416382,7075000,0.093622245,249.51,104032
71000,-0.0028844643,4.3081684,0.002655565,23.31711928620236,0.017455999,284,0.0037513245,0.8624802529811859,170.40787982940674,7100000,0.09326848,250.0,97537
71250,-0.003875366,4.296726,0.002884484,23.291589157383715,0.0218,285,0.009219534,0.8656611740589142,171.02147030830383,7125000,0.09323373,249.54,99982
71500,-0.0034830135,4.2893186,0.0022405074,23.444003116954118,0.015360001,286,0.002539808,0.8599992245435715,171.6073567867279,7150000,0.093776,250.0,102624
71750,-0.004147128,4.27981,0.0042604893,23.391345296166836,0.044144,287,0.0029637513,0.8877788186073303,172.18020677566528,7175000,0.09356538,250.0,105390
72000,-0.004136859,4.2692723,0.0032465167,23.401421581396352,0.023284,288,0.0021713576,0.890492394566536,172.75464057922363,7200000,0.09360569,250.0,102628
72250,-0.0030990627,4.2636456,0.0046433033,23.235723501001775,0.052611995,289,0.004000386,0.884100615978241,173.34657835960388,7225000,0.0929429,250.0,107032
72500,-0.0035504897,4.259053,0.0027250897,23.317170828189703,0.02152,290,0.0024285743,0.8885451182723045,173.92557644844055,7250000,0.093268685,250.0,110084
72750,-0.0045551504,4.2502446,0.0035223276,23.29273180349368,0.02814,291,0.005061037,0.9194113537669182,174.50061511993408,7275000,0.093170926,250.0,103991
73000,-0.003894681,4.240257,0.0033261206,23.38911700299941,0.02692,292,0.0021816865,0.8864219710230827,175.08196568489075,7300000,0.09355646,250.0,100977
73250,-0.0033790085,4.2300262,0.0033837643,23.47796589560807,0.026571998,293,0.0017004355,0.8933582082390785,175.67448115348816,7325000,0.093911864,250.0,99598
73500,-0.003810775,4.219406,0.003965345,23.453793555593585,0.036427997,294,0.010114694,0.8467386811971664,176.26794505119324,7350000,0.093904324,249.37,100153
73750,-0.00318702,4.2100573,0.0018694231,23.460433061684014,0.01154,295,0.0032294032,0.900815449655056,176.86763262748718,7375000,0.09384173,250.0,106804
74000,-0.0034806617,4.2017546,0.0036415744,23.350811202561307,0.033487998,296,0.003088753,0.89394561201334,177.44322061538696,7400000,0.093403235,250.0,104480
74250,-0.00309347,4.1941442,0.0037049982,23.431618966213662,0.035747997,297,0.0020846943,0.8786059468984604,178.01727533340454,7425000,0.093726486,250.0,105787
74500,-0.0040959627,4.181688,0.0039999806,23.50675460118131,0.037104003,298,0.0019209984,0.8646271526813507,178.58865904808044,7450000,0.09402701,250.0,111986
74750,-0.0043838816,4.171174,0.0030971034,23.330603308149147,0.025772,299,0.0022608764,0.8918265327811241,179.1614589691162,7475000,0.09332241,250.0,99295
75000,-0.0033658692,4.158062,0.0041211606,23.44701698711986,0.039520003,300,0.0019755308,0.8739389330148697,179.75573563575745,7500000,0.093788065,250.0,104754
75250,-0.0030147436,4.1466045,0.0028702477,23.23192338431865,0.021204,301,0.0025494406,0.9026432186365128,180.34704542160034,7525000,0.092927694,250.0,100718
75500,-0.0033044755,4.1380463,0.0035593535,23.378846084479008,0.030840004,302,0.0020435313,0.8999655470252037,180.93087482452393,7550000,0.09351538,250.0,104613
75750,-0.0048204726,4.12823,0.0039269556,23.270880874639207,0.041243996,303,0.0056777024,0.8764912486076355,181.5028052330017,7575000,0.09308352,250.0,104505
76000,-0.004110567,4.123658,0.003678355,23.254192130134907,0.030607998,304,0.0053270785,0.9070521667599678,182.08750867843628,7600000,0.093016766,250.0,102022
76250,-0.003672105,4.1219034,0.0035107348,23.367233972434477,0.027175998,305,0.0024965773,0.9067912176251411,182.6767246723175,7625000,0.093468934,250.0,103028
76500,-0.0034067198,4.116355,0.002951657,23.504423167644052,0.023648,306,0.0019485683,0.8797359019517899,183.25793862342834,7650000,0.09401769,250.0,99374
76750,-0.0039313785,4.1039357,0.0034945917,23.547007200738882,0.028732002,307,0.0021713513,0.8981520533561707,183.85796904563904,7675000,0.09418803,250.0,99511
77000,-0.003784575,4.0935173,0.002550474,23.53392756609828,0.016156,308,0.0017896598,0.8743304461240768,184.45057940483093,7700000,0.0941357,250.0,101790
77250,-0.0029259936,4.0870657,0.0038932972,23.421574286207324,0.03992,309,0.0020623591,0.8943025544285774,185.0540566444397,7725000,0.09368629,250.0,106043
77500,-0.0036645618,4.0828466,0.0031001773,23.46293379030656,0.023072,310,0.0026925441,0.8824536502361298,185.6288559436798,7750000,0.09385173,250.0,105089
77750,-0.0038725622,4.0776315,0.003289645,23.39184368481743,0.025272,311,0.0025179386,0.9065119102597237,186.20561289787292,7775000,0.093567386,250.0,103595
78000,-0.004127005,4.0723166,0.002828155,23.446049596691736,0.019968,312,0.008960679,0.8911911845207214,186.79850721359253,7800000,0.09387665,249.01,98528
78250,-0.0037047542,4.0720496,0.003261981,23.457671924665338,0.028244,313,0.0020170303,0.9103001281619072,187.40754055976868,7825000,0.09383068,250.0,96676
78500,-0.0038057216,4.0713844,0.0035255458,23.377142859434244,0.029424,314,0.0028378607,0.9128025099635124,188.01827931404114,7850000,0.09350857,250.0,101340
78750,-0.0036625594,4.0716486,0.003779342,23.37044455289637,0.03356,315,0.009372318,0.8967259451746941,188.60593795776367,7875000,0.09358657,249.44,105512
79000,-0.0037316948,4.070529,0.004566526,23.5839584053203,0.046935998,316,0.0018472767,0.8782705292105675,189.18717527389526,7900000,0.09433584,250.0,104930
79250,-0.0044808723,4.06449,0.002817524,23.422218424175444,0.021836001,317,0.0029913639,0.8804888874292374,189.77518820762634,7925000,0.09368887,250.0,107579
79500,-0.004130259,4.058499,0.0027762894,23.35794904973387,0.022488002,318,0.003055505,0.9032903611660004,190.35893177986145,7950000,0.09343179,250.0,104687
79750,-0.0035338812,4.055708,0.0050932853,23.544000092727366,0.059364002,319,0.0022214444,0.8603546172380447,190.95490717887878,7975000,0.09417601,250.0,98734
80000,-0.0045481236,4.0505576,0.0038446828,23.54700757986051,0.034911998,320,0.0019500637,0.8852177932858467,191.55091333389282,8000000,0.094188035,250.0,101160
80250,-0.003365818,4.0414762,0.0041048094,23.55349060212633,0.037547998,321,0.001806028,0.9111239016056061,192.1427948474884,8025000,0.09421396,250.0,100558
80500,-0.0034236994,4.0330076,0.00304619,23.590981475345323,0.021732,322,0.0015288179,0.8925499618053436,192.73737287521362,8050000,0.09436393,250.0,106404
80750,-0.003747838,4.027483,0.0028086323,23.504662466486916,0.020584,323,0.002084799,0.9025073125958443,193.30942296981812,8075000,0.09401865,250.0,104000
81000,-0.0035481453,4.0205736,0.003755375,23.423212513605833,0.035544,324,0.0030644494,0.8957263752818108,193.88843941688538,8100000,0.09369286,250.0,104412
81250,-0.0040217424,4.0119877,0.0037773717,23.638041739057808,0.035508,325,0.0028091979,0.8675287663936615,194.46521043777466,8125000,0.09455216,250.0,103609
81500,-0.0037136439,4.0017605,0.003662701,23.548918544424232,0.033776,326,0.0017548951,0.9100780561566353,195.0460124015808,8150000,0.09419567,250.0,102712
81750,-0.0032106298,3.9921107,0.0037659134,23.53881019356195,0.034647997,327,0.0019760404,0.9004432708024979,195.6321210861206,8175000,0.09415524,250.0,104321
82000,-0.0036024884,3.9862409,0.0026630987,23.53119699069648,0.020212,328,0.0022365516,0.8855539411306381,196.2146019935608,8200000,0.09412479,250.0,100402
82250,-0.0040447577,3.9808946,0.0039735413,23.63428281040542,0.037088,329,0.0016047324,0.9011170119047165,196.8067443370819,8225000,0.09453714,250.0,107170
82500,-0.0035311643,3.9741497,0.0029495233,23.489957811347267,0.022456,330,0.0018375516,0.9072766900062561,197.38430976867676,8250000,0.09395983,250.0,101597
82750,-0.004218448,3.9681163,0.0028264932,23.543998174258085,0.021000002,331,0.0017605231,0.9050375074148178,197.97214913368225,8275000,0.09417599,250.0,106640
83000,-0.0042254953,3.9612935,0.0031318874,23.51663293378777,0.023492,332,0.0018377025,0.9117031469941139,198.53655982017517,8300000,0.09406653,250.0,106028
83250,-0.0038719028,3.9503016,0.0043529677,23.593839542292116,0.050852,333,0.0017514335,0.9189095050096512,199.11647748947144,8325000,0.094375364,250.0,104799
83500,-0.0032680365,3.941871,0.0033915967,23.67445181977615,0.029072002,334,0.0014630005,0.9001391157507896,199.7071828842163,8350000,0.09469781,250.0,106138
83750,-0.00412389,3.9357593,0.0031563516,23.551451825539115,0.023399998,335,0.0022117137,0.8881804049015045,200.27114033699036,8375000,0.09420581,250.0,104340
84000,-0.0037688308,3.929952,0.0027764442,23.566825381177477,0.020308,336,0.0014469263,0.9084477126598358,200.92885375022888,8400000,0.094267316,250.0,107270
84250,-0.0044814926,3.922708,0.0032495602,23.648348672802094,0.02474,337,0.001591005,0.9074467048048973,201.50125741958618,8425000,0.09459339,250.0,104652
84500,-0.0043607336,3.9151874,0.003735423,23.456282921729436,0.034516,338,0.009875668,0.8666103482246399,202.08390402793884,8450000,0.09393494,249.3,105506
84750,-0.0038537222,3.912517,0.0035082593,23.55635883469833,0.031848,339,0.0021726668,0.8982157781720161,202.6620054244995,8475000,0.09422543,250.0,104696
85000,-0.0036382831,3.9084485,0.0030605844,23.645105689761913,0.023772001,340,0.0018680235,0.8932371586561203,203.23595643043518,8500000,0.09458043,250.0,99252
85250,-0.004076628,3.8991027,0.0036448494,23.679210455622524,0.032304,341,0.0018012153,0.8874280825257301,203.8344168663025,8525000,0.09471685,250.0,101639
85500,-0.0022849839,3.8881366,0.0041048797,23.703515673104267,0.046724,342,0.0013523771,0.9024957790970802,204.415043592453,8550000,0.09481406,250.0,102086
85750,-0.0044176187,3.878043,0.0046820664,23.461216927337226,0.049011998,343,0.004857014,0.9036430865526199,205.00148224830627,8575000,0.09384486,250.0,102383
86000,-0.003410849,3.8709874,0.0032874234,23.610533804125154,0.025264,344,0.0014139564,0.9111088290810585,205.58902549743652,8600000,0.09444214,250.0,101308
86250,-0.0039779143,3.864547,0.0038216677,23.604913114857627,0.032968,345,0.0011285093,0.908911257982254,206.17584562301636,8625000,0.09441966,250.0,102283
86500,-0.0046858867,3.8578498,0.0035656453,23.507838154535566,0.032955997,346,0.0072011254,0.8858436644077301,206.7679681777954,8650000,0.09410672,249.39,103721
86750,-0.0038195518,3.8523018,0.003959284,23.62981039308035,0.036027998,347,0.0016503576,0.8937005177140236,207.34616494178772,8675000,0.094519235,250.0,101801
87000,-0.0038141396,3.8483682,0.0030410609,23.524832327204294,0.026988,348,0.0017208768,0.9139003530144691,207.92815780639648,8700000,0.094099335,250.0,102716
87250,-0.004347086,3.84544,0.0026153424,23.532374599915347,0.017339999,349,0.002879459,0.9095320776104927,208.51577377319336,8725000,0.0941295,250.0,105570
87500,-0.0036707514,3.843145,0.0017029174,23.512128993284424,0.014688,350,0.0036871633,0.8889880999922752,209.07966136932373,8750000,0.094048515,250.0,106528
87750,-0.003404829,3.8379726,0.0037884773,23.59347876514563,0.038668,351,0.0019409086,0.9111288636922836,209.67048716545105,8775000,0.094373904,250.0,100156
88000,-0.004040955,3.8308158,0.0036993665,23.58795646347804,0.033424,352,0.0029198998,0.927664153277874,210.2492697238922,8800000,0.09435183,250.0,105125
88250,-0.003003945,3.825714,0.0037274589,23.557729295924364,0.034376,353,0.001857399,0.9143897071480751,210.83678555488586,8825000,0.094230905,250.0,111033
88500,-0.0039233663,3.8203773,0.0037868072,23.654909419988982,0.031088,354,0.0014067397,0.9135435819625854,211.4099462032318,8850000,0.09461964,250.0,108576
88750,-0.0041182535,3.8135903,0.002985524,23.581670909652022,0.021316001,355,0.0019397198,0.9167538657784462,211.9730567932129,8875000,0.09432668,250.0,103068
89000,-0.0036546104,3.8051896,0.0029348421,23.677232789479895,0.025943998,356,0.0013416349,0.9137584418058395,212.55410075187683,8900000,0.094708934,250.0,104058
89250,-0.004065075,3.8000755,0.003707777,23.59194878230337,0.035936,357,0.0020320045,0.8915270492434502,213.15075397491455,8925000,0.094367795,250.0,101644
89500,-0.0036028535,3.796987,0.0029721465,23.684275718445424,0.022628,358,0.0018186806,0.8959580510854721,213.73525309562683,8950000,0.0947371,250.0,105926
89750,-0.0031804733,3.7933083,0.0048880926,23.673117053232854,0.051452,359,0.0015559321,0.9132851585745811,214.31950330734253,8975000,0.09469247,250.0,106518
90000,-0.0037761107,3.7878609,0.003699319,23.643277520716655,0.032696,360,0.0017782304,0.9255325570702553,214.89621138572693,9000000,0.0945731,250.0,105788
90250,-0.0037972606,3.779838,0.0031516482,23.624173690034077,0.024652,361,0.0014116215,0.9235363528132439,215.4761815071106,9025000,0.09449669,250.0,106031
90500,-0.00449966,3.7691517,0.003642931,23.648775500198827,0.032204002,362,0.0012375481,0.9266031011939049,216.05089330673218,9050000,0.094595104,250.0,107492
90750,-0.0042052562,3.7603111,0.002941539,23.536008754287614,0.022776,363,0.0022745323,0.9120342805981636,216.6955108642578,9075000,0.09414403,250.0,105627
91000,-0.0027438367,3.755097,0.0058933785,23.657482923935166,0.072303995,364,0.0022078166,0.9097475558519363,217.28700351715088,9100000,0.09462994,250.0,104278
91250,-0.003939668,3.7499142,0.003144818,23.63172770480538,0.023823999,365,0.0016742777,0.9206130057573318,217.86203479766846,9125000,0.09452692,250.0,108846
91500,-0.0037330887,3.7417855,0.0032769088,23.697376637373818,0.025552,366,0.0012625142,0.9161112159490585,218.43705415725708,9150000,0.094789505,250.0,110084
91750,-0.0043035937,3.7357388,0.00379356,23.740552372414385,0.033496,367,0.0017184447,0.9007058218121529,218.9933717250824,9175000,0.09496222,250.0,108051
92000,-0.0042074863,3.731913,0.0032460024,23.689644983847394,0.027296001,368,0.0015308552,0.9079728201031685,219.56457829475403,9200000,0.094758585,250.0,107102
92250,-0.004409193,3.7289166,0.0042490372,23.733063194677232,0.045076,369,0.0016529092,0.9099969938397408,220.1361744403839,9225000,0.09493224,250.0,107762
92500,-0.0037334003,3.7236958,0.004036751,23.72209390242868,0.036836,370,0.00097059517,0.9283756166696548,220.69887471199036,9250000,0.09488837,250.0,107276
92750,-0.0033950314,3.7126815,0.003627754,23.612141676395492,0.0293,371,0.0016694341,0.9094566330313683,221.27476048469543,9275000,0.09444855,250.0,103954
93000,-0.0052267136,3.7044227,0.0042366036,23.617871913404088,0.043472,372,0.0019679873,0.9238906428217888,221.84375596046448,9300000,0.094471484,250.0,100363
93250,-0.0045700646,3.6992755,0.003880928,23.644322378956712,0.035508,373,0.0016884388,0.9118565544486046,222.43131852149963,9325000,0.09457728,250.0,95753
93500,-0.004436607,3.69638,0.0041435575,23.748110971109945,0.02964,374,0.008274685,0.8722743093967438,223.026695728302,9350000,0.09507334,249.45,106730
93750,-0.0033758213,3.6968055,0.0032156217,23.738486147699003,0.025287997,375,0.0016733,0.901233047246933,223.6040256023407,9375000,0.094953954,250.0,106740
94000,-0.0048456634,3.6969502,0.003919213,23.64117812946439,0.03054,376,0.007335283,0.8939071223139763,224.17949318885803,9400000,0.09471664,249.02,110657
94250,-0.0032163714,3.695779,0.0055226684,23.78225482758302,0.062308002,377,0.0014616037,0.9021447971463203,224.7341284751892,9425000,0.09512901,250.0,101111
94500,-0.0028014327,3.6926193,0.004257818,23.571187126855367,0.039796002,378,0.0049297377,0.8805993348360062,225.31969022750854,9450000,0.09428474,250.0,104878
94750,-0.003495541,3.6913364,0.0045770365,23.727331756078637,0.048531998,379,0.0015774595,0.9084421098232269,225.9205515384674,9475000,0.094909325,250.0,102789
95000,-0.004408468,3.686475,0.0034185904,23.674479975963695,0.027752,380,0.0019046767,0.8984321057796478,226.50199675559998,9500000,0.09469793,250.0,106401
95250,-0.0036576875,3.678244,0.004572966,23.756023866324686,0.046775997,381,0.001226233,0.9098635017871857,227.06487488746643,9525000,0.0950241,250.0,107368
95500,-0.004293299,3.671945,0.0020366334,23.57950118038476,0.014435999,382,0.007084185,0.8849865421652794,227.62669706344604,9550000,0.09442996,249.37,107043
95750,-0.004048215,3.6693606,0.0038802463,23.685562220141293,0.033016,383,0.0013630561,0.9279440119862556,228.1927683353424,9575000,0.09474225,250.0,107948
96000,-0.00392251,3.6597908,0.0035187304,23.85042872593622,0.028895998,384,0.001096931,0.9085139706730843,228.75843000411987,9600000,0.09540172,250.0,109698
96250,-0.0040881773,3.6491418,0.0026237243,23.807036166588077,0.017763998,385,0.0013681499,0.8960673436522484,229.32166266441345,9625000,0.09522814,250.0,105565
96500,-0.0040793885,3.6406822,0.0024793744,23.664989733817347,0.017479999,386,0.0015609548,0.9139865189790726,229.9036545753479,9650000,0.09465996,250.0,108331
96750,-0.004282596,3.6303267,0.0038819811,23.72547263535205,0.035948,387,0.0013723094,0.8922079280018806,230.47245287895203,9675000,0.0949019,250.0,107140
97000,-0.0040072147,3.6200478,0.0034842473,23.82743236918934,0.029280001,388,0.0011280698,0.9116728082299232,231.0368309020996,9700000,0.09530973,250.0,108219
97250,-0.0044472306,3.612493,0.002103548,23.797225784676847,0.017056,389,0.001063209,0.9114315584301949,231.60504388809204,9725000,0.09518891,250.0,99868
97500,-0.0047228113,3.6052387,0.003997003,23.64790751373046,0.037348,390,0.0018147519,0.9062746837735176,232.19197297096252,9750000,0.09459163,250.0,108753
97750,-0.0049894704,3.5988178,0.0039124633,23.61415539603564,0.034156002,391,0.0037710047,0.9167062044143677,232.74500036239624,9775000,0.09445662,250.0,106899
98000,-0.00313728,3.5912647,0.004070831,23.797075565017803,0.038275998,392,0.0010896286,0.9163435250520706,233.30397772789001,9800000,0.0951883,250.0,114726
98250,-0.0030831816,3.5813203,0.0054542758,23.720695999248942,0.063907996,393,0.0029801123,0.8932584077119827,233.8417398929596,9825000,0.094882786,250.0,109687
98500,-0.0036813836,3.5721352,0.003775254,23.716025428105205,0.034068003,394,0.0011327087,0.913623571395874,234.39661955833435,9850000,0.0948641,250.0,115544
98750,-0.003839797,3.5658054,0.00384591,23.62699769712519,0.035148002,395,0.0016978187,0.9147127866744995,234.9400179386139,9875000,0.094507985,250.0,113586
99000,-0.0042409757,3.558246,0.0039794515,23.67947776326444,0.036724,396,0.00205886,0.8979263007640839,235.49084210395813,9900000,0.09471792,250.0,105836
99250,-0.004289991,3.549607,0.004534743,23.68230605799472,0.043071996,397,0.0018532794,0.9101106598973274,236.05858969688416,9925000,0.09472922,250.0,113428
99500,-0.005085398,3.5435493,0.005392344,23.563959554070607,0.0582,398,0.008519087,0.876446045935154,236.59984135627747,9950000,0.09435533,249.3,106224
99750,-0.00387891,3.5410442,0.0034363014,23.671153963361867,0.030828,399,0.0019230854,0.9194790348410606,237.16430473327637,9975000,0.094684616,250.0,110278
100000,-0.004449456,3.5397334,0.0028633454,23.637628107432974,0.022444,400,0.0038704495,0.8930840268731117,237.7328519821167,10000000,0.094550505,250.0,113978
100250,-0.0046305843,3.5413406,0.005186972,23.68708104311605,0.056048,401,0.0022901997,0.8989291489124298,238.27911353111267,10025000,0.09474832,250.0,115639
100500,-0.0042730984,3.5352852,0.0032275799,23.783237228365905,0.028231999,402,0.0015636662,0.8892492726445198,238.8145501613617,10050000,0.09513295,250.0,110574
100750,-0.0050700675,3.5278602,0.004687301,23.72225797377061,0.051672,403,0.0012476032,0.9032177627086639,239.36872005462646,10075000,0.09488902,250.0,115259
101000,-0.003853567,3.5228615,0.002211354,23.793230694700032,0.014904,404,0.0009222055,0.9177612513303757,239.9054136276245,10100000,0.09517292,250.0,111151
101250,-0.0043679504,3.520781,0.0039739795,23.753767895039637,0.040524,405,0.0016594207,0.9010474979877472,240.45586919784546,10125000,0.09501507,250.0,108967
101500,-0.0036040042,3.5177147,0.003395178,23.71642850962933,0.028639998,406,0.0012336976,0.922035351395607,241.0110855102539,10150000,0.09486571,250.0,115224
101750,-0.0044740364,3.5130684,0.0036375425,23.76413721681922,0.033819996,407,0.0019874363,0.9006796106696129,241.56195831298828,10175000,0.095056556,250.0,108401
102000,-0.0039335573,3.5037556,0.0026703044,23.79195372828748,0.017544,408,0.00091351074,0.9255691394209862,242.12382411956787,10200000,0.095167816,250.0,110625
102250,-0.004079128,3.492606,0.002730927,23.776400765258586,0.021432001,409,0.0013269102,0.9198852926492691,242.69477796554565,10225000,0.0951056,250.0,113562
102500,-0.004063775,3.4831777,0.004075444,23.68931620720221,0.036659997,410,0.0022378,0.9262802824378014,243.24678325653076,10250000,0.09475727,250.0,105953
102750,-0.0046991007,3.4745936,0.004251144,23.669212268217233,0.043376002,411,0.0011721196,0.9247919768095016,243.81975436210632,10275000,0.094676845,250.0,99451
103000,-0.0035146666,3.465559,0.004378093,23.820429588067345,0.048552,412,0.0008221011,0.9182774126529694,244.40141034126282,10300000,0.09528172,250.0,104108
103250,-0.0046939347,3.4571872,0.003396672,23.652796133332885,0.026816,413,0.0024821428,0.9141610264778137,244.97694396972656,10325000,0.09461118,250.0,101765
103500,-0.0041111857,3.451564,0.004016877,23.73203162740916,0.039284,414,0.0022741146,0.921809010207653,245.55653190612793,10350000,0.09492814,250.0,105702
103750,-0.004175696,3.4448547,0.0041886955,23.697120176855243,0.040487997,415,0.0020679398,0.9076539278030396,246.11167979240417,10375000,0.094788484,250.0,106826
104000,-0.0042842273,3.4373717,0.0025851424,23.775826523909345,0.019612001,416,0.0011670351,0.9164548739790916,246.67636489868164,10400000,0.0951033,250.0,107228
104250,-0.0038677373,3.4285424,0.003530227,23.6706054324517,0.028868,417,0.002204194,0.9097762107849121,247.2456305027008,10425000,0.094682425,250.0,102314
104500,-0.0040560975,3.4235878,0.0041980147,23.762810385487974,0.043644,418,0.00097364344,0.909391887485981,247.8175072669983,10450000,0.095051244,250.0,107609
104750,-0.003932924,3.4183228,0.0020194636,23.789849762370576,0.015108,419,0.0009124699,0.9193041697144508,248.38664770126343,10475000,0.095159404,250.0,104430
105000,-0.0043115383,3.4110646,0.004488488,23.746174401420866,0.045199998,420,0.0013626906,0.9015476405620575,248.9951615333557,10500000,0.094984695,250.0,94044
105250,-0.0040742434,3.402303,0.0034650997,23.784499133186472,0.029931998,421,0.00094591285,0.9271897971630096,249.68997383117676,10525000,0.095138,250.0,106475
105500,-0.0042475727,3.3920445,0.0036594137,23.815811466643353,0.03232,422,0.001638432,0.9244331046938896,250.25477480888367,10550000,0.09526324,250.0,111085
105750,-0.0042466666,3.3867176,0.0042526727,23.774298909255304,0.043624002,423,0.0012597706,0.9121735841035843,250.81112480163574,10575000,0.09509721,250.0,102001
106000,-0.0041183108,3.381731,0.004810597,23.748775044315263,0.050288003,424,0.0019796568,0.8971895799040794,251.3971812725067,10600000,0.0949951,250.0,109701
106250,-0.0038966644,3.3779557,0.0030736416,23.768647558338706,0.024332,425,0.0017538185,0.9183365851640701,251.93451929092407,10625000,0.09507458,250.0,123444
106500,-0.0035767616,3.3714833,0.003185214,23.776629858905217,0.026052002,426,0.0010345043,0.9269248992204666,252.46262454986572,10650000,0.09510651,250.0,106642
106750,-0.0046677846,3.3662229,0.002811981,23.74025954651181,0.022068,427,0.0012840054,0.9272312000393867,253.0304765701294,10675000,0.09496105,250.0,85020
107000,-0.0038917884,3.3601463,0.002981615,23.70939172718441,0.023976,428,0.0011579687,0.9315193518996239,253.65559840202332,10700000,0.09483757,250.0,114729
107250,-0.0035525323,3.3521304,0.0038107089,23.79323294883594,0.034984,429,0.0010528729,0.9154375568032265,254.20797300338745,10725000,0.09517292,250.0,85972
107500,-0.0047082193,3.346171,0.0038088989,23.795871604280546,0.034908,430,0.0010578008,0.9255483597517014,254.84737968444824,10750000,0.095183484,250.0,107247
107750,-0.00450146,3.3411808,0.0040279864,23.77691686252947,0.035172,431,0.001182514,0.9230131208896637,255.4182608127594,10775000,0.09510767,250.0,110504
108000,-0.0044416673,3.3347764,0.003381465,23.678113908054073,0.032212,432,0.002077275,0.9095713719725609,255.9803569316864,10800000,0.09471246,250.0,107447
108250,-0.004077447,3.3307805,0.0033390527,23.717106472327433,0.02568,433,0.001169156,0.9352449849247932,256.5418326854706,10825000,0.09486843,250.0,107043
108500,-0.0042028185,3.3286915,0.004806683,23.756192833403183,0.047264002,434,0.0020157236,0.911080852150917,257.10959100723267,10850000,0.09502477,250.0,103655
108750,-0.0035919915,3.3239188,0.003716202,23.87753126397147,0.036364,435,0.0009105677,0.9315485656261444,257.6839089393616,10875000,0.09551012,250.0,106472
109000,-0.0037094776,3.319521,0.0037589513,23.837796903755518,0.03528,436,0.0022091665,0.9036201164126396,258.24148511886597,10900000,0.09535119,250.0,112078
109250,-0.0032210138,3.3182876,0.0036774352,23.782726266176905,0.033112,437,0.0017865787,0.8985646069049835,258.80165123939514,10925000,0.095130906,250.0,108970
109500,-0.0037287422,3.3146584,0.004367049,23.820234884320815,0.043399997,438,0.0007968304,0.931594967842102,259.36682987213135,10950000,0.09528094,250.0,104900
109750,-0.0046801963,3.309674,0.0040245103,23.73589420190081,0.033924,439,0.0016045105,0.9300631657242775,259.9286324977875,10975000,0.094943576,250.0,111012
110000,-0.0029692755,3.3070266,0.0038446565,23.791351877544074,0.04134,440,0.0011071857,0.9292164593935013,260.4807093143463,11000000,0.09516541,250.0,109103
110250,-0.0040952554,3.3034275,0.0038763147,23.767411745657736,0.036912,441,0.002070814,0.88575279712677,261.04120993614197,11025000,0.09506965,250.0,107221
110500,-0.003334192,3.3006961,0.002484998,23.893634985125683,0.018023998,442,0.0013123942,0.9137812405824661,261.5971896648407,11050000,0.09557454,250.0,105669
110750,-0.004551824,3.2972145,0.0035879002,23.65448325688223,0.031388,443,0.0040047355,0.8963643088936806,262.1658787727356,11075000,0.09461793,250.0,106812
111000,-0.004064374,3.29259,0.0024191677,23.7639027666059,0.016948,444,0.0012860941,0.9465738758444786,262.7495102882385,11100000,0.0950556,250.0,108533
111250,-0.0041294787,3.284624,0.0040787607,23.80615927547595,0.03766,445,0.0015025309,0.9092305973172188,263.31724858283997,11125000,0.09522464,250.0,101983
111500,-0.0047163507,3.2776318,0.0029362212,23.72675171290466,0.023395998,446,0.0019219879,0.9156367629766464,263.8974027633667,11150000,0.09490701,250.0,106506
111750,-0.0029658645,3.275025,0.004049954,23.843379816138185,0.044868,447,0.001039004,0.9167812615633011,264.46236062049866,11175000,0.095373526,250.0,108576
112000,-0.003912457,3.271523,0.004179047,23.78869985627942,0.038652,448,0.0013808946,0.9353741779923439,265.0224578380585,11200000,0.09515481,250.0,106141
112250,-0.00439955,3.2666962,0.0026128716,23.744583777198567,0.018648,449,0.0017622461,0.9199868440628052,265.59105348587036,11225000,0.09497834,250.0,106562
112500,-0.004478008,3.2622235,0.0030344438,23.78808647884289,0.023591999,450,0.0011333341,0.9267266169190407,266.1599233150482,11250000,0.09515234,250.0,106429
112750,-0.0036936086,3.2573547,0.0062135207,23.760778019058563,0.080447994,451,0.001025461,0.9336944669485092,266.71998381614685,11275000,0.095043115,250.0,105054
113000,-0.0038242128,3.2515633,0.0047393916,23.760473616584203,0.0479,452,0.0009355952,0.9336938634514809,267.28726840019226,11300000,0.09504189,250.0,107837
113250,-0.0040918966,3.2465367,0.0049158796,23.797559378505685,0.048984,453,0.0011678173,0.92551489174366,267.85521960258484,11325000,0.09519024,250.0,99345
113500,-0.0036881473,3.2415402,0.00500684,23.76027401205065,0.053472,454,0.0010974448,0.9403150156140327,268.43873047828674,11350000,0.095041096,250.0,103468
113750,-0.0036221477,3.2363694,0.0031793122,23.816932534415972,0.02486,455,0.00089859153,0.9456418566405773,269.00954365730286,11375000,0.09526773,250.0,102291
114000,-0.0062680454,3.2298348,0.0035711445,23.635911313742398,0.024172,456,0.0066161044,0.9294402524828911,269.5809783935547,11400000,0.09454365,250.0,101704
114250,-0.003772971,3.2292092,0.0032941154,23.776964925513603,0.029644001,457,0.0015535185,0.9217403754591942,270.16106724739075,11425000,0.09510786,250.0,106280
114500,-0.0043929718,3.2287724,0.0043757847,23.682549888142386,0.043832,458,0.0014422068,0.928446926176548,270.72523021698,11450000,0.094730206,250.0,102269
114750,-0.0038098567,3.2260773,0.0041326825,23.706048372117802,0.037544005,459,0.0015857253,0.9317663386464119,271.2996060848236,11475000,0.0948242,250.0,103968
115000,-0.004635663,3.2209373,0.004667789,23.80292255668435,0.046331998,460,0.0012162776,0.9329094365239143,271.87147665023804,11500000,0.09521169,250.0,104577
115250,-0.00434957,3.2141023,0.004234194,23.797944756811486,0.043688003,461,0.0010481337,0.9395035617053509,272.44051909446716,11525000,0.09519178,250.0,107496
115500,-0.0030773343,3.2059789,0.0029166585,23.815449993684886,0.02154,462,0.0008825585,0.9345639869570732,272.9991762638092,11550000,0.0952618,250.0,100975
115750,-0.003813114,3.2014484,0.0026034429,23.834857828099047,0.02082,463,0.0009708387,0.9234795868396759,273.57774090766907,11575000,0.09533943,250.0,109039
116000,-0.00455453,3.1994123,0.00346556,23.7577762545459,0.030812,464,0.0010154359,0.9377410672605038,274.13699746131897,11600000,0.095031105,250.0,107745
116250,-0.0036149155,3.1963065,0.0035033072,23.791032781646354,0.028028,465,0.0009262206,0.9405043497681618,274.70233368873596,11625000,0.09516413,250.0,107472
116500,-0.0048882947,3.1926446,0.003032729,23.718545469974924,0.024791999,466,0.0021558993,0.9059244766831398,275.2634391784668,11650000,0.09487418,250.0,108061
116750,-0.0049562915,3.1887383,0.004280758,23.734418709547317,0.041784003,467,0.002743272,0.9062103778123856,275.8279962539673,11675000,0.094937675,250.0,102117
117000,-0.004402025,3.1848671,0.0035341657,23.90255587868858,0.029248,468,0.0010681491,0.9154525920748711,276.4039669036865,11700000,0.095610216,250.0,106672
117250,-0.0047748787,3.1784678,0.0042885467,23.822928786482663,0.040832,469,0.0014056517,0.9296181872487068,276.9722623825073,11725000,0.09529172,250.0,103537
117500,-0.0032107886,3.170734,0.004856733,23.795086210871816,0.050695997,470,0.0012755722,0.9207737967371941,277.5454502105713,11750000,0.09518034,250.0,102605
117750,-0.003577362,3.1650996,0.0034414832,23.794724565603538,0.028792,471,0.0008748993,0.9363968372344971,278.1216928958893,11775000,0.09517891,250.0,99403
118000,-0.003496255,3.1572766,0.0035556643,23.84337988688843,0.030844,472,0.0009252814,0.9360486716032028,278.7060561180115,11800000,0.095373526,250.0,99565
118250,-0.0049419953,3.1528986,0.00232029,23.766178175893437,0.016603999,473,0.0012731196,0.9289312809705734,279.2838430404663,11825000,0.095064715,250.0,100606
118500,-0.0036967886,3.1464868,0.002939655,23.864693564060143,0.021876002,474,0.0008683664,0.9404404796659946,279.86748814582825,11850000,0.09545877,250.0,109409
118750,-0.0046470794,3.1376622,0.0030381274,23.82624458254315,0.024624001,475,0.0013825729,0.9162852540612221,280.4274606704712,11875000,0.09530498,250.0,103961
119000,-0.004243094,3.130867,0.0035462473,23.877611585113918,0.029907998,476,0.001116788,0.9201854392886162,281.00753140449524,11900000,0.09551044,250.0,108247
119250,-0.0041707726,3.1284192,0.0036608335,23.73797921730933,0.029615998,477,0.0071100094,0.8898292481899261,281.5723834037781,11925000,0.09502907,249.45,104077
119500,-0.00449122,3.1294503,0.0035336278,23.77578521120362,0.028420001,478,0.0010816341,0.9354484900832176,282.1449818611145,11950000,0.09510314,250.0,103947
119750,-0.004811315,3.1316285,0.0048521706,23.77503372152125,0.052868,479,0.0015017175,0.9412915147840977,282.712055683136,11975000,0.095100135,250.0,104512
120000,-0.0037959372,3.1307743,0.0054309326,23.79360013720114,0.061012,480,0.0011362338,0.9373607859015465,283.2742009162903,12000000,0.095174395,250.0,108082
120250,-0.0041068187,3.1271167,0.0033303096,23.86293242640211,0.02748,481,0.0009094924,0.9280051812529564,283.83215284347534,12025000,0.095451735,250.0,104602
120500,-0.0035834578,3.1229317,0.0032471518,23.842475143820046,0.026128,482,0.00086903654,0.9301744699478149,284.40716576576233,12050000,0.095369905,250.0,101445
120750,-0.004656886,3.1185584,0.0033259552,23.81426269991789,0.026448,483,0.0011682677,0.9267547726631165,284.98873925209045,12075000,0.09525705,250.0,101213
121000,-0.0042523937,3.1139686,0.0028921259,23.855481046758594,0.021279998,484,0.00094210013,0.9340485855937004,285.56936168670654,12100000,0.095421925,250.0,103362
121250,-0.0036581054,3.1085165,0.0035349217,23.829315294501374,0.027288001,485,0.0009742693,0.9337722510099411,286.14025044441223,12125000,0.09531727,250.0,103933
121500,-0.0038789324,3.1059403,0.0031977487,23.777818047533803,0.024415998,486,0.001137331,0.9354590848088264,286.70972180366516,12150000,0.09511127,250.0,102938
121750,-0.0042094,3.099955,0.0040859785,23.80872510995716,0.041936003,487,0.0008442641,0.9346581995487213,287.28060936927795,12175000,0.0952349,250.0,106099
122000,-0.0036329057,3.0946789,0.0048165573,23.8858852364216,0.051404,488,0.0008582271,0.9319127276539803,287.8513162136078,12200000,0.09554355,250.0,102439
122250,-0.004598254,3.088135,0.0043631485,23.877757421647257,0.042468,489,0.00067034503,0.9380101822316647,288.442364692688,12225000,0.095511034,250.0,111914
122500,-0.0041716457,3.0790672,0.0025567643,23.860014680734604,0.01856,490,0.0008332165,0.9299187511205673,288.99785137176514,12250000,0.09544006,250.0,119153
122750,-0.004024129,3.070142,0.0036121695,23.896911434908397,0.029527998,491,0.0006613139,0.9409527219831944,289.5343589782715,12275000,0.09558765,250.0,110515
123000,-0.0050891773,3.06496,0.0047301343,23.813926228517666,0.039155997,492,0.007982523,0.8642769008874893,290.08682894706726,12300000,0.09529904,249.5,109950
123250,-0.0032185935,3.062835,0.0038688164,23.798617218071595,0.035067998,493,0.0009945363,0.931674912571907,290.6484444141388,12325000,0.09519447,250.0,108735
123500,-0.004848359,3.060557,0.0047073914,23.817631685826,0.051048,494,0.0007510098,0.9372288212180138,291.21410512924194,12350000,0.095270514,250.0,101912
123750,-0.0034002394,3.057147,0.0037663437,23.83332357788837,0.034059998,495,0.0010156726,0.9395945481956005,291.80468559265137,12375000,0.0953333,250.0,107059
124000,-0.003264717,3.0537684,0.00497885,23.82976560255978,0.056496,496,0.0011257345,0.9269277527928352,292.36947989463806,12400000,0.09531906,250.0,107320
124250,-0.0036519233,3.0519633,0.004739922,23.875958330575376,0.054316003,497,0.0015185743,0.8941453546285629,292.9297847747803,12425000,0.09550383,250.0,107596
124500,-0.0035922055,3.0497365,0.0036488406,23.871652382118626,0.034456,498,0.0007479324,0.9296692982316017,293.4959692955017,12450000,0.0954866,250.0,105773
124750,-0.0037952154,3.0451515,0.0034140002,23.875916047119535,0.026888002,499,0.0010033061,0.9271393343806267,294.0792818069458,12475000,0.095503666,250.0,106047
125000,-0.0050272746,3.0399358,0.0038166016,23.83054631602252,0.032296,500,0.0016534921,0.8999065607786179,294.6475110054016,12500000,0.09532218,250.0,105016
125250,-0.0040620063,3.034906,0.004282724,23.858036538051675,0.041688003,501,0.0012411799,0.914639875292778,295.2130661010742,12525000,0.09543215,250.0,102520
125500,-0.004583111,3.0306978,0.003242731,23.878245165632105,0.026616002,502,0.0007439617,0.9320724606513977,295.79088139533997,12550000,0.09551298,250.0,103622
125750,-0.0042543695,3.026092,0.003467969,23.844742761426605,0.028319996,503,0.0008660572,0.9376458302140236,296.3618869781494,12575000,0.09537897,250.0,106056
126000,-0.004417537,3.0200882,0.0025396894,23.82502369401045,0.01766,504,0.001222736,0.9340227320790291,296.93699383735657,12600000,0.095300086,250.0,109877
126250,-0.003592634,3.014062,0.005860005,23.946466003431944,0.069096,505,0.0011574163,0.9153049364686012,297.49832701683044,12625000,0.095785856,250.0,102978
126500,-0.0040850793,3.0088584,0.00288986,23.89420607969165,0.024416,506,0.0009316698,0.9206645041704178,298.06839394569397,12650000,0.09557684,250.0,108282
126750,-0.0043857684,3.0028293,0.0038031202,23.87026709339487,0.032332,507,0.00093213934,0.9383959770202637,298.6289031505585,12675000,0.09548107,250.0,108375
127000,-0.0040440606,2.9950032,0.0037578742,23.903307760981843,0.032771997,508,0.0019112468,0.9368587210774422,299.20012521743774,12700000,0.095613234,250.0,101884
127250,-0.003872376,2.986816,0.0033266034,23.859676755740367,0.027508,509,0.00087625795,0.9366403594613075,299.7787780761719,12725000,0.09543871,250.0,106202
127500,-0.0048316573,2.9794338,0.0040345863,23.75479931261303,0.037596,510,0.0018920951,0.9299022257328033,300.3443691730499,12750000,0.0950192,250.0,104420
127750,-0.00452307,2.9731104,0.0041078674,23.92691208145581,0.038723998,511,0.00090912887,0.9231186658143997,300.91411900520325,12775000,0.09570765,250.0,108955
128000,-0.0037238144,2.96569,0.002910269,23.906952011724,0.022984002,512,0.0018820434,0.919642947614193,301.46553134918213,12800000,0.0956278,250.0,106969
128250,-0.0033005774,2.9594254,0.0036101534,23.876583346319386,0.032312,513,0.000908333,0.9362818226218224,302.02691316604614,12825000,0.09550634,250.0,114463
128500,-0.004917669,2.953783,0.0037719507,23.84044976037927,0.035296,514,0.002394214,0.9171719774603844,302.5718550682068,12850000,0.0953618,250.0,103434
128750,-0.004760039,2.9494145,0.0051997597,23.742836773316377,0.054164004,515,0.0032936272,0.9189638048410416,303.144855260849,12875000,0.09497136,250.0,111056
129000,-0.0038754153,2.9471545,0.005044933,23.912418054211884,0.057719998,516,0.0013997034,0.8940801993012428,303.6812071800232,12900000,0.09564967,250.0,115693
129250,-0.0047611236,2.9435089,0.0029033122,23.823199072377758,0.023568,517,0.0020253747,0.8924409300088882,304.220826625824,12925000,0.09529279,250.0,110085
129500,-0.003984493,2.9348392,0.0038157944,23.88472128815367,0.03546,518,0.0006685895,0.9481601901352406,304.77786779403687,12950000,0.095538884,250.0,112451
129750,-0.004057304,2.9275615,0.0031200354,23.77667747613188,0.023772001,519,0.001230509,0.9401133432984352,305.3282186985016,12975000,0.0951067,250.0,110680
130000,-0.0042020497,2.9227004,0.0036797686,23.80811914324085,0.031015998,520,0.00077446795,0.9435875825583935,305.87622117996216,13000000,0.09523247,250.0,121039
130250,-0.0047334014,2.915989,0.003857185,23.856840600790456,0.036144,521,0.00094435475,0.9352731630206108,306.4086103439331,13025000,0.095427364,250.0,109825
130500,-0.0051520504,2.9083967,0.0042466028,23.659415760265183,0.037979998,522,0.010071118,0.8662885278463364,306.9644618034363,13050000,0.0947472,249.4,120021
130750,-0.0049936166,2.9069006,0.0033706017,23.92946330965846,0.027524,523,0.001106681,0.9295489639043808,307.49635314941406,13075000,0.095717855,250.0,105343
131000,-0.0034512512,2.906036,0.004872582,23.922479905257934,0.049484003,524,0.0017026592,0.918043963611126,308.06144404411316,13100000,0.09568992,250.0,107963
131250,-0.00443424,2.9054787,0.002750753,23.92377984055689,0.018552,525,0.0012719508,0.9190857633948326,308.62055921554565,13125000,0.09569513,250.0,103868
131500,-0.0032216138,2.9010239,0.0050284034,23.880380447049685,0.05568,526,0.0009782409,0.9308022707700729,309.1960015296936,13150000,0.09552152,250.0,109169
131750,-0.0026866083,2.895597,0.0055825063,23.976794421100056,0.06734,527,0.00054186117,0.9381380118429661,309.7491805553436,13175000,0.095907174,250.0,98410
132000,-0.0035945505,2.8910902,0.005429906,23.915711025468774,0.062396,528,0.0007634109,0.9382593631744385,310.3262367248535,13200000,0.09566284,250.0,98896
132250,-0.0038836827,2.8861837,0.004955862,23.93736172779347,0.051639996,529,0.0008014642,0.9349529817700386,310.907160282135,13225000,0.095749445,250.0,102480
132500,-0.0036840755,2.8810592,0.0040164953,23.820081866955153,0.032827996,530,0.0017455358,0.9259612485766411,311.47754764556885,13250000,0.09528032,250.0,102924
132750,-0.0038393654,2.8734758,0.0030091298,23.88106951118796,0.022496,531,0.0011596759,0.9277181327342987,312.05510330200195,13275000,0.095524274,250.0,103557
133000,-0.0033577126,2.8630054,0.0074175773,23.811060096238506,0.095288,532,0.007727756,0.8584722280502319,312.6286494731903,13300000,0.09535791,249.36,104133
133250,-0.004112239,2.8575737,0.0034893353,24.043163992376066,0.029939998,533,0.0008950144,0.9240609928965569,313.20365166664124,13325000,0.09617265,250.0,101990
133500,-0.004177921,2.852017,0.00443631,23.853874293648406,0.042408,534,0.0019965617,0.8848489820957184,313.77793288230896,13350000,0.09541549,250.0,102238
133750,-0.0049589393,2.8490953,0.003734136,23.862704653963448,0.032088,535,0.0012990355,0.9317720606923103,314.3552544116974,13375000,0.09545082,250.0,109083
134000,-0.0041557,2.8453407,0.0039121425,23.91794090418058,0.036556,536,0.0007489803,0.9363564029335976,314.9179878234863,13400000,0.095671766,250.0,108236
134250,-0.0049109007,2.841001,0.002999443,23.835732446284965,0.024468,537,0.0018751863,0.9208913668990135,315.4879426956177,13425000,0.09534293,250.0,103731
134500,-0.004201323,2.837132,0.002633859,23.9135222819951,0.019955998,538,0.0009386734,0.9347246885299683,316.0558247566223,13450000,0.095654085,250.0,103445
134750,-0.0048196767,2.8318386,0.003946238,23.876577205453067,0.03698,539,0.001172163,0.9397319108247757,316.62023758888245,13475000,0.09550631,250.0,101520
135000,-0.00401554,2.830802,0.004049196,23.90901693986263,0.037852,540,0.00084920914,0.9398929253220558,317.20160126686096,13500000,0.09563608,250.0,98398
135250,-0.003032064,2.8298316,0.005307714,23.862243567374534,0.063508004,541,0.0009709266,0.9437391459941864,317.78836822509766,13525000,0.09544896,250.0,103306
135500,-0.0050108237,2.825955,0.0036334216,23.92887612968683,0.030672003,542,0.0011222508,0.9334218874573708,318.36395168304443,13550000,0.0957155,250.0,108352
135750,-0.004246517,2.8198667,0.004204869,23.926778771961107,0.03774,543,0.0007635063,0.9451103582978249,318.92956829071045,13575000,0.09570712,250.0,103307
136000,-0.0028772454,2.816388,0.00500281,23.965459653851575,0.055747997,544,0.0012026799,0.9288644939661026,319.5059018135071,13600000,0.095861845,250.0,108136
136250,-0.0042270175,2.8133397,0.004081809,23.92442199018318,0.036544,545,0.0008716113,0.9440257549285889,320.07285952568054,13625000,0.095697686,250.0,108247
136500,-0.0045252047,2.8100286,0.0030551227,23.960519768912345,0.025052,546,0.0007787448,0.9457710422575474,320.6406135559082,13650000,0.09584208,250.0,101003
136750,-0.004342781,2.8028586,0.0037630405,23.89514165557921,0.032183997,547,0.0006736812,0.9451798535883427,321.2221825122833,13675000,0.09558056,250.0,105553
137000,-0.00400323,2.7957697,0.003997068,23.829162469989388,0.037344,548,0.001514081,0.9222877398133278,321.7850742340088,13700000,0.09531665,250.0,103839
137250,-0.0039666155,2.7902684,0.0045093796,23.971462390911764,0.048280004,549,0.0006873455,0.9334020838141441,322.3574187755585,13725000,0.09588585,250.0,106943
137500,-0.0041461224,2.7848506,0.0033920114,23.88877860330045,0.028584,550,0.0014464628,0.9243741184473038,322.9251356124878,13750000,0.09555512,250.0,103060
137750,-0.0036600605,2.7813466,0.004111645,23.915988265026826,0.038891997,551,0.0008603175,0.9440697580575943,323.49844241142273,13775000,0.09566396,250.0,103766
138000,-0.0042006276,2.7781725,0.0030047395,23.926990722313057,0.022328,552,0.0009729086,0.9298425167798996,324.07612800598145,13800000,0.09570796,250.0,107227
138250,-0.003598597,2.7752056,0.0036108177,24.00728043632931,0.030495998,553,0.000971563,0.9095611497759819,324.6396908760071,13825000,0.09602912,250.0,107470
138500,-0.0044552786,2.770102,0.004142559,23.775346842249856,0.037823997,554,0.0015532214,0.9408088810741901,325.21057081222534,13850000,0.09510139,250.0,108450
138750,-0.0042043333,2.768115,0.004240565,23.959727278612554,0.0348,555,0.006886667,0.8777904063463211,325.77191066741943,13875000,0.09590393,249.5,105598
139000,-0.003377746,2.7686899,0.0043163197,23.814627241577256,0.040080003,556,0.0015515119,0.9197295531630516,326.343866109848,13900000,0.095258504,250.0,105849
139250,-0.0037890405,2.766746,0.003327208,23.892947246138938,0.026143998,557,0.00075917976,0.9316441863775253,326.9169158935547,13925000,0.09557179,250.0,107082
139500,-0.0048131375,2.7618122,0.0043520215,23.991163669973613,0.043224,558,0.0007000762,0.9399829506874084,327.4763035774231,13950000,0.095964655,250.0,102794
139750,-0.0041374015,2.7566755,0.0033961132,23.91146279901732,0.025980001,559,0.00063048594,0.9479706212878227,328.06257343292236,13975000,0.09564585,250.0,110606
140000,-0.0035619785,2.7538562,0.0044100923,23.92170806766022,0.039424,560,0.0006810894,0.9503343030810356,328.6215443611145,14000000,0.09568684,250.0,105435
140250,-0.004160632,2.749584,0.00718384,23.98017612271011,0.084148005,561,0.0097547555,0.8602049052715302,329.18775367736816,14025000,0.09597289,249.54,105089
140500,-0.0034997421,2.744728,0.005930518,23.92244289016351,0.07126,562,0.0011195805,0.9203505739569664,329.7611012458801,14050000,0.09568977,250.0,104020
140750,-0.004504133,2.7404408,0.0030052508,23.836246447315208,0.023472,563,0.001622691,0.9141790494322777,330.33518624305725,14075000,0.09534498,250.0,105158
141000,-0.0047290367,2.7393153,0.0042581684,23.94648885318078,0.040636,564,0.0006777037,0.9452808052301407,330.9071762561798,14100000,0.09578596,250.0,107577
141250,-0.0041415985,2.734457,0.004463644,23.85810793370474,0.043199997,565,0.000692666,0.9532803930342197,331.48239040374756,14125000,0.09543243,250.0,100910
141500,-0.005179328,2.7295046,0.0032435723,23.84964840740431,0.028404001,566,0.0011894538,0.9433582425117493,332.06228590011597,14150000,0.09539858,250.0,103629
141750,-0.0037807308,2.7263174,0.0024428167,23.93621371341869,0.017280001,567,0.0014802907,0.9276849031448364,332.63623237609863,14175000,0.095744856,250.0,104025
142000,-0.0037041244,2.7214115,0.003847188,23.976780686550775,0.033811998,568,0.0007807588,0.9359751716256142,333.2033610343933,14200000,0.09590712,250.0,111854
142250,-0.0039686207,2.7162166,0.0043888623,23.9898860726133,0.043200005,569,0.00055112876,0.9512519277632236,333.7602038383484,14225000,0.095959544,250.0,120388
142500,-0.004640302,2.7119834,0.0046945666,23.96935419321526,0.047144003,570,0.00091854157,0.9385310225188732,334.2918276786804,14250000,0.09587741,250.0,111714
142750,-0.004197778,2.7082028,0.004164952,23.920620716344565,0.041292,571,0.00080779043,0.937909547239542,334.8432123661041,14275000,0.09568249,250.0,107814
143000,-0.0031419247,2.7041469,0.0054705897,23.840760473180563,0.062292,572,0.0016070383,0.9301616251468658,335.42218017578125,14300000,0.095363036,250.0,106693
143250,-0.003036978,2.701036,0.0041725757,23.930363574498333,0.037483998,573,0.0012248514,0.9217451959848404,336.00661039352417,14325000,0.09572145,250.0,90160
143500,-0.0038635067,2.6969855,0.0033922892,23.914307024981827,0.026811998,574,0.0011294894,0.9249321222305298,336.664009809494,14350000,0.09565723,250.0,102359
143750,-0.004577247,2.6940646,0.0039209425,23.903046399024316,0.034476005,575,0.0009176686,0.9434852935373783,337.24137568473816,14375000,0.09561219,250.0,103348
144000,-0.0043191067,2.6883028,0.0026274696,23.87318387652165,0.018695999,576,0.00095871714,0.9452259577810764,337.81433272361755,14400000,0.095492736,250.0,108961
144250,-0.00521395,2.6786244,0.004121689,23.928738221715903,0.036480002,577,0.0009022887,0.9427033364772797,338.3630163669586,14425000,0.09571495,250.0,109506
144500,-0.0038697436,2.6701868,0.005083637,23.90668322445825,0.058195997,578,0.00076706544,0.9528348036110401,338.9216573238373,14450000,0.09562673,250.0,97583
